,Date,open,high,low,close,atr,close_nextday
0,2019-09-02,9723.59,10450.0,9712.5,10340.0,530.6935528774975,10615.28
1,2019-09-03,10340.0,10773.0,10272.0,10615.28,528.5725848148192,10567.02
2,2019-09-04,10611.85,10799.0,10369.89,10567.02,521.4681144709035,10564.49
3,2019-09-05,10565.92,10900.0,10450.0,10564.49,516.3632491515533,10298.73
4,2019-09-06,10563.13,10905.87,10150.0,10298.73,533.4708742121567,10455.88
5,2019-09-07,10298.71,10558.0,10288.57,10455.88,514.6108117684313,10381.18
6,2019-09-08,10455.9,10592.5,10208.0,10381.18,505.3171823564005,10303.12
7,2019-09-09,10381.24,10480.0,10068.5,10303.12,498.6159550452291,10098.15
8,2019-09-10,10302.58,10384.99,9953.0,10098.15,493.8569582562842,10158.33
9,2019-09-11,10098.19,10293.0,9880.0,10158.33,488.0814612379782,10415.01
10,2019-09-12,10158.75,10448.81,10040.0,10415.01,482.419214006694,10342.06
11,2019-09-13,10415.01,10439.0,10153.0,10342.06,468.389270149073,10335.02
12,2019-09-14,10344.13,10419.99,10222.33,10335.02,449.051465138425,10302.01
13,2019-09-15,10332.81,10360.0,10252.15,10302.01,424.67993191425177,10251.31
14,2019-09-16,10303.34,10355.0,10078.0,10251.31,414.1313653489481,10187.82
15,2019-09-17,10249.68,10275.0,10128.01,10187.82,395.0498392525946,10156.99
16,2019-09-18,10187.48,10258.02,10100.0,10156.99,378.119136448838,10244.29
17,2019-09-19,10156.41,10325.0,9653.0,10244.29,399.11062670249237,10168.59
18,2019-09-20,10243.7,10281.0,10061.39,10168.59,386.2891533666002,9986.39
19,2019-09-21,10167.92,10176.7,9900.0,9986.39,378.4613566975574,10028.87
20,2019-09-22,9985.15,10089.0,9853.97,10028.87,368.21625979058916,9702.25
21,2019-09-23,10028.05,10049.99,9615.77,9702.25,372.93081266268985,8493.14
22,2019-09-24,9702.2,9794.99,7800.0,8493.14,488.79218318678335,8430.05
23,2019-09-25,8497.55,8730.0,8215.64,8430.05,490.6184558162989,8063.73
24,2019-09-26,8430.05,8465.99,7750.0,8063.73,506.7164232579919,8177.91
25,2019-09-27,8063.49,8265.0,7852.15,8177.91,500.0116787395639,8198.81
26,2019-09-28,8177.47,8315.0,8001.09,8198.81,486.7187016867379,8043.82
27,2019-09-29,8199.38,8229.13,7890.0,8043.82,476.17665156625657,8289.34
28,2019-09-30,8043.04,8337.26,7710.0,8289.34,486.968319311524,8292.44
29,2019-10-01,8289.97,8500.0,8173.05,8292.44,475.53843936070086,8359.94
30,2019-10-02,8292.67,8373.91,8151.22,8359.94,457.47783654922216,8223.96
31,2019-10-03,8360.0,8393.0,8060.0,8223.96,448.586562509992,8137.13
32,2019-10-04,8224.43,8232.41,8005.0,8137.13,432.7882366164212,8126.19
33,2019-10-05,8137.09,8183.41,8012.98,8126.19,414.0483625723911,7854.25
34,2019-10-06,8127.55,8153.87,7785.0,7854.25,410.8213366743632,8190.09
35,2019-10-07,7855.3,8299.92,7762.0,8190.09,419.8998126261944,8168.39
36,2019-10-08,8190.82,8325.0,8088.75,8168.39,406.78196886718047,8560.74
37,2019-10-09,8170.79,8670.0,8115.0,8560.74,417.36897109095327,8558.03
38,2019-10-10,8562.15,8644.0,8414.52,8558.03,403.94833029874235,8258.5
39,2019-10-11,8557.82,8779.51,8212.38,8258.5,415.60416384883234,8300.09
40,2019-10-12,8257.95,8400.0,8250.0,8300.09,396.63243785963,8275.01
41,2019-10-13,8301.98,8451.37,8160.0,8275.01,389.11369229822793,8348.2
42,2019-10-14,8275.24,8388.85,8203.0,8348.2,374.59485713406883,8159.29
43,2019-10-15,8346.86,8403.0,8090.0,8159.29,370.1952244816353,7991.74
44,2019-10-16,8159.3,8181.16,7917.0,7991.74,362.6212798758042,8070.58
45,2019-10-17,7995.02,8124.92,7929.03,8070.58,350.71190274181834,7947.01
46,2019-10-18,8070.71,8115.0,7816.01,7947.01,347.0174811174027,7948.01
47,2019-10-19,7946.89,8098.1,7866.92,7948.01,338.7433753233026,8223.35
48,2019-10-20,7949.87,8297.0,7870.0,8223.35,345.0474199430667,8197.27
49,2019-10-21,8223.35,8333.0,8142.03,8197.27,334.04188994713337,8020.0
50,2019-10-22,8197.28,8297.99,8000.0,8020.0,331.4667549509096,7466.62
51,2019-10-23,8020.06,8047.59,7300.0,7466.62,361.18984388298753,7412.41
52,2019-10-24,7468.47,7503.68,7337.99,7412.41,347.225569319917,8655.02
53,2019-10-25,7412.41,8799.0,7361.0,8655.02,425.13802865420877,9230.0
54,2019-10-26,8655.88,10370.0,8470.38,9230.0,530.4581694646223,9529.93
55,2019-10-27,9230.0,9794.98,9074.34,9529.93,544.042585931435,9205.14
56,2019-10-28,9528.23,9902.1,9160.0,9205.14,558.1895440791899,9407.62
57,2019-10-29,9204.45,9550.0,9072.0,9407.62,552.4617195021048,9154.72
58,2019-10-30,9407.62,9409.84,9001.01,9154.72,542.2023109662401,9140.85
59,2019-10-31,9154.02,9405.0,8913.0,9140.85,538.6164316115087,9231.61
60,2019-11-01,9140.86,9279.0,9030.0,9231.61,517.9295436392581,9289.52
61,2019-11-02,9231.4,9373.74,9186.21,9289.52,494.329576236454,9194.71
62,2019-11-03,9289.85,9362.57,9066.14,9194.71,480.19389221956453,9393.35
63,2019-11-04,9196.46,9513.68,9115.84,9393.35,474.31147134673853,9308.66
64,2019-11-05,9392.4,9454.95,9175.76,9308.66,460.3742233934,9339.05
65,2019-11-06,9307.73,9440.91,9250.01,9339.05,441.1260645795857,9216.2
66,2019-11-07,9339.16,9375.0,9101.0,9216.2,429.18848853818673,8773.73
67,2019-11-08,9214.0,9261.0,8696.0,8773.73,438.88931078545914,8809.41
68,2019-11-09,8773.74,8880.0,8724.88,8809.41,418.6200743007835,9039.47
69,2019-11-10,8809.18,9147.19,8750.0,9039.47,417.0893547078704,8733.27
70,2019-11-11,9040.16,9072.32,8618.68,8733.27,419.70011508587964,8821.94
71,2019-11-12,8733.36,8888.0,8567.6,8821.94,412.6072497226025,8777.12
72,2019-11-13,8821.91,8844.99,8702.0,8777.12,393.3488747424165,8646.68
73,2019-11-14,8777.54,8800.0,8582.6,8646.68,380.7810979751011,8471.73
74,2019-11-15,8646.38,8790.0,8400.0,8471.73,381.43959097687963,8491.02
75,2019-11-16,8471.62,8543.0,8400.0,8491.02,364.40819162138814,8502.4
76,2019-11-17,8490.74,8635.0,8350.68,8502.4,358.6876065055747,8187.17
77,2019-11-18,8502.87,8503.52,8060.0,8187.17,364.747063183748,8133.64
78,2019-11-19,8186.5,8218.63,8003.0,8133.64,354.09584438490884,8098.01
79,2019-11-20,8133.83,8264.29,8038.4,8098.01,344.9382840717011,7627.74
80,2019-11-21,8098.56,8134.73,7500.0,7627.74,365.63769235229375,7268.23
81,2019-11-22,7627.79,7750.0,6790.0,7268.23,408.09214289855856,7311.57
82,2019-11-23,7268.23,7344.48,7080.01,7311.57,397.83341840580437,6903.28
83,2019-11-24,7311.1,7330.39,6861.0,6903.28,402.94460280538976,7109.57
84,2019-11-25,6900.23,7377.69,6515.0,7109.57,435.78355974786194,7156.14
85,2019-11-26,7109.99,7340.0,7017.48,7156.14,427.6933054801576,7508.52
86,2019-11-27,7154.75,7655.0,6840.0,7508.52,455.358069374432,7419.49
87,2019-11-28,7507.9,7643.0,7360.0,7419.49,443.0467787048297,7739.68
88,2019-11-29,7418.52,7850.0,7362.3,7739.68,446.23629451162765,7541.89
89,2019-11-30,7740.99,7810.0,7441.0,7541.89,440.7194163322257,7390.89
90,2019-12-01,7540.63,7541.85,7210.0,7390.89,432.9458865942096,7294.28
91,2019-12-02,7391.5,7420.56,7151.1,7294.28,421.2683232660517,7292.71
92,2019-12-03,7294.42,7400.0,7241.35,7292.71,402.5098716041909,7194.32
93,2019-12-04,7292.71,7750.0,7067.0,7194.32,422.5448807753202,7389.0
94,2019-12-05,7194.59,7485.0,7150.0,7389.0,416.29167500565455,7527.47
95,2019-12-06,7389.0,7590.03,7305.0,7527.47,406.91584107667916,7488.21
96,2019-12-07,7527.8,7619.62,7470.16,7488.21,388.5261381426306,7510.11
97,2019-12-08,7487.31,7564.0,7374.86,7510.11,374.28427113244277,7338.64
98,2019-12-09,7510.11,7650.0,7273.0,7338.64,374.47825176583984,7224.13
99,2019-12-10,7338.64,7407.6,7157.1,7224.13,365.6226623539941,7210.0
100,2019-12-11,7224.15,7275.5,7125.66,7210.0,350.20961504299464,7198.08
101,2019-12-12,7210.0,7295.0,7080.3,7198.08,340.5303568256378,7258.48
102,2019-12-13,7197.76,7309.05,7190.76,7258.48,324.6560456238066,7064.05
103,2019-12-14,7257.37,7271.77,7012.0,7064.05,320.0213280792491,7118.59
104,2019-12-15,7064.14,7200.3,7008.35,7118.59,310.87337607358836,6891.72
105,2019-12-16,7119.6,7150.0,6836.0,6891.72,311.09670635404643,6623.82
106,2019-12-17,6891.44,6942.21,6560.0,6623.82,316.17622732875736,7277.83
107,2019-12-18,6623.84,7440.0,6435.0,7277.83,365.37792537670333,7150.3
108,2019-12-19,7277.83,7380.0,7038.31,7150.3,363.6859307069388,7187.83
109,2019-12-20,7151.31,7220.0,7079.5,7187.83,347.744078513586,7132.75
110,2019-12-21,7188.01,7190.58,7105.0,7132.75,329.0180729054727,7501.44
111,2019-12-22,7131.59,7518.54,7122.47,7501.44,333.8074962693675,7317.09
112,2019-12-23,7500.71,7695.38,7265.84,7317.09,340.64553225012696,7255.77
113,2019-12-24,7317.3,7436.68,7157.04,7255.77,336.2879942322608,7204.63
114,2019-12-25,7255.77,7271.77,7128.86,7204.63,322.47528035852787,7202.0
115,2019-12-26,7205.01,7435.0,7157.12,7202.0,319.2899031900617,7254.74
116,2019-12-27,7202.0,7275.86,7076.42,7254.74,310.729195819343,7316.14
117,2019-12-28,7254.77,7365.01,7238.67,7316.14,297.55853897510417,7388.24
118,2019-12-29,7315.36,7528.45,7288.0,7388.24,293.4793576197397,7246.0
119,2019-12-30,7388.43,7408.24,7220.0,7246.0,285.96226064690114,7195.23
120,2019-12-31,7246.0,7320.0,7145.01,7195.23,278.03567060069383,7200.85
121,2020-01-01,7195.24,7255.0,7175.15,7200.85,263.8795512720729,6965.71
122,2020-01-02,7200.77,7212.5,6924.74,6965.71,265.585297609782,7344.96
123,2020-01-03,6965.49,7405.0,6871.04,7344.96,284.7549192090833,7354.11
124,2020-01-04,7345.0,7404.0,7272.21,7354.11,273.82885355129156,7358.75
125,2020-01-05,7354.19,7495.0,7318.0,7358.75,266.91250686905653,7758.0
126,2020-01-06,7357.64,7795.34,7346.76,7758.0,279.8887563784096,8145.28
127,2020-01-07,7758.9,8207.68,7723.71,8145.28,294.4659880656661,8055.98
128,2020-01-08,8145.92,8455.0,7870.0,8055.98,315.2184174895471,7817.76
129,2020-01-09,8054.72,8055.96,7750.0,7817.76,314.5585305260081,8197.02
130,2020-01-10,7817.74,8199.0,7672.0,8197.02,329.73292120272174,8020.01
131,2020-01-11,8198.86,8286.34,8003.16,8020.01,326.40771254538447,8184.98
132,2020-01-12,8020.01,8197.0,7960.0,8184.98,320.0214473635714,8110.34
133,2020-01-13,8184.97,8196.0,8055.89,8110.34,307.1706296947448,8810.01
134,2020-01-14,8110.34,8880.0,8105.54,8810.01,340.54844185940595,8821.41
135,2020-01-15,8814.64,8916.48,8564.0,8821.41,341.4006960123055,8720.01
136,2020-01-16,8820.01,8859.81,8586.0,8720.01,336.57278915428367,8913.28
137,2020-01-17,8720.15,9041.65,8672.44,8913.28,338.9040185004062,8915.96
138,2020-01-18,8913.27,8988.88,8806.38,8915.96,327.73230289323436,8701.7
139,2020-01-19,8915.09,9198.98,8466.0,8701.7,356.67856697228905,8642.35
140,2020-01-20,8701.72,8746.99,8521.28,8642.35,347.3236693314112,8736.03
141,2020-01-21,8642.35,8789.0,8488.0,8736.03,344.014835807739,8682.36
142,2020-01-22,8736.04,8818.0,8590.0,8682.36,335.72806182147195,8404.52
143,2020-01-23,8682.77,8691.81,8306.39,8404.52,339.2774859770812,8439.0
144,2020-01-24,8404.52,8528.02,8238.0,8439.0,335.7590941215754,8340.58
145,2020-01-25,8438.99,8451.26,8254.9,8340.58,325.80201597003435,8615.0
146,2020-01-26,8340.01,8618.13,8293.66,8615.0,325.70687197217467,8907.57
147,2020-01-27,8614.39,9000.0,8535.0,8907.57,335.6563811170194,9374.21
148,2020-01-28,8907.57,9400.0,8862.4,9374.21,350.0809253229466,9301.53
149,2020-01-29,9375.34,9449.24,9216.0,9301.53,341.7351449427362,9513.21
150,2020-01-30,9301.57,9578.0,9204.44,9513.21,344.00834887539787,9352.89
151,2020-01-31,9511.52,9530.22,9210.01,9352.89,342.30846681286937,9384.61
152,2020-02-01,9351.71,9464.53,9281.0,9384.61,330.96714775480734,9331.51
153,2020-02-02,9384.41,9477.03,9120.0,9331.51,332.82878005803553,9292.24
154,2020-02-03,9331.59,9618.79,9234.0,9292.24,336.54029576817595,9197.02
155,2020-02-04,9291.35,9350.0,9093.01,9197.02,330.8581317847348,9612.04
156,2020-02-05,9197.02,9744.45,9177.22,9612.04,347.7418366572539,9772.0
157,2020-02-06,9612.03,9862.57,9526.35,9772.0,346.91884832459283,9813.73
158,2020-02-07,9772.0,9885.0,9730.0,9813.73,333.2103591585505,9895.05
159,2020-02-08,9813.87,9940.0,9667.11,9895.05,328.9017620757968,10151.75
160,2020-02-09,9895.04,10166.0,9880.75,10151.75,325.7837790703828,9851.83
161,2020-02-10,10151.72,10188.0,9756.0,9851.83,333.3706519939269,10223.08
162,2020-02-11,9851.74,10323.59,9700.0,10223.08,354.10060542293223,10326.46
163,2020-02-12,10223.08,10450.0,10223.08,10326.46,345.0162764641513,10229.63
164,2020-02-13,10325.33,10500.0,10080.0,10229.63,350.37225671671195,10344.36
165,2020-02-14,10227.78,10381.56,10111.37,10344.36,344.6449526655182,9904.72
166,2020-02-15,10344.36,10375.0,9801.0,9904.72,361.0274560465527,9917.27
167,2020-02-16,9904.46,10050.0,9638.12,9917.27,364.659780614656,9706.0
168,2020-02-17,9910.7,9964.16,9452.67,9706.0,375.1476534278948,10164.71
169,2020-02-18,9706.0,10250.0,9576.01,10164.71,396.4935353259023,9593.79
170,2020-02-19,10164.78,10250.0,9350.0,9593.79,432.4582828026236,9596.42
171,2020-02-20,9594.65,9699.0,9400.0,9596.42,422.9255483167218,9677.05
172,2020-02-21,9597.21,9755.51,9550.21,9677.05,407.38086629409895,9650.86
173,2020-02-22,9677.05,9709.17,9560.02,9650.86,388.935804415949,9936.4
174,2020-02-23,9650.85,9990.0,9645.0,9936.4,385.7975326719527,9656.13
175,2020-02-24,9936.4,9990.0,9473.56,9656.13,395.129137481099,9315.84
176,2020-02-25,9655.52,9675.0,9250.0,9315.84,397.2627705181634,8785.25
177,2020-02-26,9316.48,9377.44,8633.63,8785.25,422.01614405258033,8823.21
178,2020-02-27,8786.0,8971.77,8531.0,8823.21,423.35570519168175,8692.91
179,2020-02-28,8823.25,8900.0,8445.0,8692.91,425.6160119637045,8523.61
180,2020-02-29,8690.8,8790.0,8523.55,8523.61,414.2470111091543,8531.88
181,2020-03-01,8523.61,8750.0,8411.0,8531.88,408.8722246013575,8915.24
182,2020-03-02,8530.3,8965.75,8498.0,8915.24,413.07777998697486,8760.07
183,2020-03-03,8911.18,8919.65,8651.0,8760.07,402.7615099879053,8750.87
184,2020-03-04,8760.07,8848.29,8660.0,8750.87,387.4421164173407,9054.68
185,2020-03-05,8750.99,9159.42,8746.54,9054.68,389.2591081018163,9131.88
186,2020-03-06,9054.64,9170.0,8985.5,9131.88,374.63345752311517,8886.66
187,2020-03-07,9130.89,9188.0,8835.0,8886.66,373.08821055717834,8033.31
188,2020-03-08,8885.25,8886.76,8000.0,8033.31,409.77905266023714,7929.87
189,2020-03-09,8034.76,8179.31,7632.01,7929.87,419.60197747022016,7894.56
190,2020-03-10,7929.87,8149.0,7728.01,7894.56,419.70112193663306,7934.52
191,2020-03-11,7894.57,7980.0,7590.0,7934.52,417.5796132268736,4800.0
192,2020-03-12,7934.58,7966.17,4410.0,4800.0,641.7646408535254,5578.6
193,2020-03-13,4800.01,5955.0,3782.13,5578.6,751.1293093639879,5172.06
194,2020-03-14,5576.05,5640.52,5055.13,5172.06,739.2907872665602,5361.3
195,2020-03-15,5172.48,5940.0,5093.1,5361.3,746.9771596046629,5028.97
196,2020-03-16,5360.33,5365.42,4442.12,5028.97,759.57164820433,5312.64
197,2020-03-17,5028.86,5525.0,4921.45,5312.64,748.4272447611636,5393.04
198,2020-03-18,5312.64,5436.17,5009.37,5393.04,725.4538701353662,6162.37
199,2020-03-19,5393.26,6400.0,5252.53,6162.37,755.5978794114116,6208.36
200,2020-03-20,6162.05,6900.0,5670.0,6208.36,789.4837451677394,6186.98
201,2020-03-21,6204.57,6456.98,5860.02,6186.98,775.7320490843293,5816.19
202,2020-03-22,6187.04,6407.87,5734.01,5816.19,768.4554741497345,6467.31
203,2020-03-23,5816.05,6600.0,5688.0,6467.31,778.7086545676108,6744.72
204,2020-03-24,6465.25,6833.0,6371.33,6744.72,756.0630363842099,6677.43
205,2020-03-25,6744.69,6957.96,6450.0,6677.43,738.3413909281949,6737.36
206,2020-03-26,6677.42,6780.0,6510.0,6737.36,704.8884344333238,6359.11
207,2020-03-27,6737.27,6842.59,6261.0,6359.11,696.0814034023721,6236.65
208,2020-03-28,6359.11,6360.0,6024.0,6236.65,670.3613031593454,5881.42
209,2020-03-29,6236.65,6266.0,5866.56,5881.42,651.0097815051066,6394.38
210,2020-03-30,5880.5,6599.0,5857.76,6394.38,657.4547971118848,6410.44
211,2020-03-31,6394.45,6523.23,6321.4,6410.44,624.9101687467503,6642.92
212,2020-04-01,6412.14,6679.94,6150.11,6642.92,618.1187281219824,6794.09
213,2020-04-02,6643.36,7198.0,6551.0,6794.09,620.1816761132693,6734.1
214,2020-04-03,6793.86,7048.0,6602.1,6734.1,607.7329849623217,6856.99
215,2020-04-04,6732.97,6990.41,6650.01,6856.99,588.6377717507272,6772.78
216,2020-04-05,6857.41,6895.54,6677.52,6772.78,562.1650737685321,7329.9
217,2020-04-06,6772.78,7355.14,6765.0,7329.9,564.1632827850658,7197.32
218,2020-04-07,7329.9,7459.69,7077.0,7197.32,551.2009054432752,7361.28
219,2020-04-08,7197.32,7420.0,7150.0,7361.28,531.1151264830413,7283.54
220,2020-04-09,7360.26,7371.92,7108.08,7283.54,512.0240460199669,6858.92
221,2020-04-10,7283.54,7295.75,6739.98,6858.92,515.1487570185408,6876.83
222,2020-04-11,6858.92,6944.3,6760.0,6876.83,491.516702945788,6903.79
223,2020-04-12,6876.84,7177.0,6780.0,6903.79,484.7655098782317,6837.91
224,2020-04-13,6903.79,6903.79,6575.0,6837.91,473.62440202978655,6868.7
225,2020-04-14,6838.04,6978.0,6754.28,6868.7,455.77408759908747,6621.24
226,2020-04-15,6868.57,6933.0,6605.0,6621.24,446.6473670562955,7101.94
227,2020-04-16,6621.25,7190.0,6468.27,7101.94,466.2961265522744,7027.55
228,2020-04-17,7101.99,7148.12,6972.98,7027.55,445.4992603699691,7248.6
229,2020-04-18,7026.78,7293.08,7014.4,7248.6,433.5835989149712,7120.74
230,2020-04-19,7248.6,7266.15,7055.6,7120.74,417.6526275639019,6826.83
231,2020-04-20,7121.4,7220.0,6751.0,6826.83,421.3202970236232,6841.37
232,2020-04-21,6828.98,6940.0,6762.0,6841.37,403.9402758076502,7125.14
233,2020-04-22,6841.36,7156.38,6818.0,7125.14,399.2573989642466,7482.39
234,2020-04-23,7125.12,7738.0,7020.0,7482.39,422.02472760965753,7505.0
235,2020-04-24,7483.96,7615.96,7388.0,7505.0,408.1629613518249,7538.67
236,2020-04-25,7505.0,7705.0,7431.07,7538.67,398.5748926838375,7693.1
237,2020-04-26,7539.03,7700.0,7480.0,7693.1,385.8195432064205,7774.62
238,2020-04-27,7693.1,7792.02,7606.0,7774.62,371.5481472631048,7738.98
239,2020-04-28,7773.51,7780.0,7659.12,7738.98,353.6432796014545,8778.57
240,2020-04-29,7738.58,8952.89,7710.05,8778.57,417.15733105849336,8620.0
241,2020-04-30,8778.58,9460.0,8401.0,8620.0,463.00323598288674,8826.96
242,2020-05-01,8620.0,9059.18,8613.56,8826.96,461.76157626982354,8972.05
243,2020-05-02,8825.67,9010.0,8753.0,8972.05,447.13574939340754,8894.16
244,2020-05-03,8972.58,9200.0,8712.0,8894.16,450.05462443673554,8871.96
245,2020-05-04,8894.15,8950.0,8522.0,8871.96,448.4792941198258,9021.83
246,2020-05-05,8871.92,9118.58,8760.0,9021.83,442.05791596840965,9142.92
247,2020-05-06,9021.36,9395.0,8906.21,9142.92,445.3959219706662,9986.4
248,2020-05-07,9143.4,10067.0,9021.0,9986.4,488.2962132584758,9800.01
249,2020-05-08,9986.3,10035.96,9705.0,9800.01,477.0579123114418,9539.4
250,2020-05-09,9800.02,9914.25,9520.0,9539.4,471.1430614320532,8722.77
251,2020-05-10,9539.1,9574.83,8117.0,8722.77,541.6206999011922,8561.52
252,2020-05-11,8722.77,9168.0,8200.0,8561.52,572.0763641939642,8810.79
253,2020-05-12,8562.04,8978.26,8528.78,8810.79,563.3194810372523,9309.37
254,2020-05-13,8810.99,9398.0,8792.99,9309.37,566.2973752488773,9791.98
255,2020-05-14,9309.35,9939.0,9256.76,9791.98,574.578991302529,9316.42
256,2020-05-15,9791.97,9845.62,9150.0,9316.42,583.2247776380627,9381.27
257,2020-05-16,9315.96,9588.0,9220.0,9381.27,567.851579235344,9680.04
258,2020-05-17,9380.81,9888.0,9322.1,9680.04,567.7121807185338,9733.93
259,2020-05-18,9681.11,9950.0,9464.23,9733.93,561.8591678100671,9775.53
260,2020-05-19,9733.93,9897.21,9474.0,9775.53,551.9556558236336,9511.43
261,2020-05-20,9775.13,9842.0,9326.0,9511.43,549.3873946933742,9068.65
262,2020-05-21,9511.43,9578.47,8815.0,9068.65,564.6790093581333,9170.0
263,2020-05-22,9067.51,9271.0,8933.52,9170.0,548.4505086896951,9179.15
264,2020-05-23,9170.0,9307.85,9070.0,9179.15,526.2647580690026,8720.34
265,2020-05-24,9179.01,9298.0,8700.0,8720.34,531.3887039212167,8900.35
266,2020-05-25,8718.14,8979.66,8642.72,8900.35,517.4995107839869,8841.18
267,2020-05-26,8900.35,9017.67,8700.0,8841.18,503.22597429941663,9204.07
268,2020-05-27,8841.0,9225.0,8811.73,9204.07,496.800547563744,9575.89
269,2020-05-28,9204.07,9625.47,9110.0,9575.89,498.13407988061937,9427.07
270,2020-05-29,9575.87,9605.26,9330.0,9427.07,482.21450274628944,9697.72
271,2020-05-30,9426.6,9740.0,9331.23,9697.72,476.9684668358402,9448.27
272,2020-05-31,9697.72,9700.0,9381.41,9448.27,465.65571920470876,10200.77
273,2020-06-01,9448.27,10380.0,9421.67,10200.77,500.84673926151527,9518.04
274,2020-06-02,10202.71,10228.99,9266.0,9518.04,533.856972171407,9666.24
275,2020-06-03,9518.02,9690.0,9365.21,9666.24,518.9236170163066,9789.06
276,2020-06-04,9666.32,9881.63,9450.0,9789.06,512.688358657999,9621.16
277,2020-06-05,9788.14,9854.75,9581.0,9621.16,495.62133303957046,9666.3
278,2020-06-06,9621.17,9735.0,9531.05,9666.3,474.78766639388687,9746.99
279,2020-06-07,9666.85,9802.0,9372.46,9746.99,471.5556902228951,9782.01
280,2020-06-08,9746.99,9800.0,9633.0,9782.01,449.8017123498312,9772.43
281,2020-06-09,9782.0,9877.0,9570.0,9772.43,439.601590039129,9885.0
282,2020-06-10,9772.44,9992.72,9704.18,9885.0,428.81147646490547,9280.4
283,2020-06-11,9885.22,9964.0,9113.0,9280.4,458.96779957455516,9465.13
284,2020-06-12,9278.88,9557.12,9232.51,9465.13,449.3708138906583,9473.34
285,2020-06-13,9464.96,9494.73,9351.0,9473.34,427.5393271841828,9342.1
286,2020-06-14,9473.34,9480.99,9245.0,9342.1,413.85723238531256,9426.02
287,2020-06-15,9342.1,9495.0,8910.45,9426.02,426.0495729292188,9525.59
288,2020-06-16,9426.05,9589.0,9373.09,9525.59,411.0396034342746,9465.14
289,2020-06-17,9526.97,9565.0,9236.61,9465.14,405.1360603318264,9386.32
290,2020-06-18,9465.13,9489.0,9280.0,9386.32,391.126341736696,9310.23
291,2020-06-19,9386.32,9438.3,9215.79,9310.23,379.08231732693184,9358.95
292,2020-06-20,9310.23,9395.0,9170.95,9358.95,368.0085803750081,9294.69
293,2020-06-21,9358.95,9422.0,9281.54,9294.69,351.75511034822176,9685.69
294,2020-06-22,9294.69,9780.0,9277.09,9685.69,362.55188818049163,9624.89
295,2020-06-23,9685.69,9720.0,9577.03,9624.89,346.86746759617074,9296.49
296,2020-06-24,9624.33,9670.0,9208.0,9296.49,355.09121991073,9249.49
297,2020-06-25,9298.33,9340.0,9009.69,9249.49,353.32113277424935,9162.21
298,2020-06-26,9249.49,9298.0,9045.45,9162.21,346.1231947189458,9012.0
299,2020-06-27,9162.21,9196.24,8833.0,9012.0,347.34582366759247,9116.35
300,2020-06-28,9012.0,9191.0,8948.06,9116.35,339.88826483419314,9192.56
301,2020-06-29,9116.16,9238.0,9024.67,9192.56,330.8483887746079,9138.55
302,2020-06-30,9192.93,9205.0,9064.89,9138.55,317.2242181478502,9232.0
303,2020-07-01,9138.08,9292.0,9080.1,9232.0,309.701059708718,9086.54
304,2020-07-02,9231.99,9261.96,8940.0,9086.54,310.5766983009524,9058.26
305,2020-07-03,9086.54,9125.0,9037.47,9058.26,294.6447912794559,9135.46
306,2020-07-04,9057.79,9190.0,9040.04,9135.46,284.31016333092333,9069.41
307,2020-07-05,9135.0,9145.24,8893.03,9069.41,282.0172945215716,9344.2
308,2020-07-06,9069.41,9375.0,9055.92,9344.2,284.6646306271736,9257.39
309,2020-07-07,9342.47,9379.42,9203.0,9257.39,276.9328712966613,9436.06
310,2020-07-08,9257.4,9470.0,9231.0,9436.06,274.22338048975683,9232.43
311,2020-07-09,9436.06,9440.79,9160.0,9232.43,274.69242474048855,9288.34
312,2020-07-10,9232.42,9317.48,9125.0,9288.34,268.82010868759653,9234.03
313,2020-07-11,9288.34,9299.28,9178.25,9234.03,258.2636723527682,9302.75
314,2020-07-12,9234.02,9345.0,9157.5,9302.75,253.20912432757046,9242.62
315,2020-07-13,9303.31,9343.82,9200.89,9242.62,245.33204401845833,9255.85
316,2020-07-14,9242.61,9279.54,9113.0,9255.85,239.7040408742828,9197.6
317,2020-07-15,9255.85,9276.49,9160.57,9197.6,230.86232366897687,9133.72
318,2020-07-16,9197.6,9226.15,9047.25,9133.72,227.15072912119282,9154.32
319,2020-07-17,9133.72,9186.83,9089.81,9154.32,217.85567704110764,9170.28
320,2020-07-18,9154.31,9219.3,9121.1,9170.28,209.30884296674282,9208.99
321,2020-07-19,9170.3,9232.27,9101.35,9208.99,203.7096398976897,9160.78
322,2020-07-20,9208.99,9221.52,9131.0,9160.78,195.6246656192833,9390.0
323,2020-07-21,9160.78,9437.73,9152.8,9390.0,202.00361807504882,9518.16
324,2020-07-22,9390.0,9544.0,9261.0,9518.16,207.7890739268311,9603.27
325,2020-07-23,9518.16,9664.0,9440.33,9603.27,208.92342578920034,9537.8
326,2020-07-24,9603.27,9637.0,9463.44,9537.8,206.3974668042574,9700.42
327,2020-07-25,9538.1,9732.9,9513.0,9700.42,207.36193346109613,9931.54
328,2020-07-26,9700.42,10111.0,9650.0,9931.54,225.47893821387498,11029.96
329,2020-07-27,9931.54,11394.86,9917.21,11029.96,314.91972834145537,10906.27
330,2020-07-28,11029.96,11242.23,10565.0,10906.27,340.79903345992284,11100.53
331,2020-07-29,10906.27,11342.82,10812.0,11100.53,354.3719596413569,11099.61
332,2020-07-30,11100.52,11170.0,10831.0,11099.61,353.2739625241172,11335.46
333,2020-07-31,11099.79,11444.0,10960.0,11335.46,362.6115366295373,11801.17
334,2020-08-01,11335.46,11861.0,11220.0,11801.17,382.4964268702847,11071.35
335,2020-08-02,11801.17,12123.46,10518.5,11071.35,469.81525352240715,11219.81
336,2020-08-03,11071.36,11473.0,10936.0,11219.81,474.6141639850923,11191.97
337,2020-08-04,11219.68,11414.98,11000.0,11191.97,470.3545808433,11744.91
338,2020-08-05,11191.99,11780.93,11093.0,11744.91,485.8956822116358,11762.46
339,2020-08-06,11744.91,11900.0,11562.5,11762.46,475.2959906250904,11594.23
340,2020-08-07,11762.47,11909.94,11322.0,11594.23,483.34199129472677,11761.41
341,2020-08-08,11594.36,11808.27,11512.0,11761.41,469.9797062022464,11681.68
342,2020-08-09,11761.02,11797.11,11521.97,11681.68,456.06258433065744,11892.92
343,2020-08-10,11681.69,12067.35,11450.0,11892.92,467.58311402132483,11392.08
344,2020-08-11,11892.9,11935.0,11125.0,11392.08,492.04146301980165,11564.33
345,2020-08-12,11392.09,11617.52,11150.0,11564.33,490.28992994695864,11780.0
346,2020-08-13,11564.34,11792.96,11270.36,11780.0,492.59779209360426,11760.54
347,2020-08-14,11779.77,11850.0,11634.03,11760.54,472.83866408691824,11852.4
348,2020-08-15,11760.55,11980.0,11680.0,11852.4,460.493045223567,11911.0
349,2020-08-16,11852.4,11931.72,11686.0,11911.0,445.1521134218836,12281.13
350,2020-08-17,11910.99,12468.0,11769.78,12281.13,463.22839103460615,11945.01
351,2020-08-18,12281.15,12387.77,11817.93,11945.01,470.8435059607057,11754.59
352,2020-08-19,11945.1,12020.08,11561.0,11754.59,470.00325553494105,11853.55
353,2020-08-20,11754.38,11888.0,11668.0,11853.55,452.14588013958814,11531.34
354,2020-08-21,11853.54,11878.0,11485.81,11531.34,447.86331727247483,11662.96
355,2020-08-22,11531.23,11686.0,11376.81,11662.96,437.95808032444086,11648.13
356,2020-08-23,11663.51,11718.07,11514.13,11648.13,421.24250315840936,11748.2
357,2020-08-24,11648.12,11824.9,11585.09,11748.2,408.2830386470944,11318.42
358,2020-08-25,11748.19,11767.85,11117.64,11318.42,425.56353588658783,11461.43
359,2020-08-26,11318.42,11539.32,11244.0,11461.43,416.26042618040293,11330.38
360,2020-08-27,11461.42,11592.2,11125.0,11330.38,419.89896716751707,11526.91
361,2020-08-28,11330.38,11542.65,11276.89,11526.91,408.8890409412659,11465.84
362,2020-08-29,11526.9,11580.02,11417.04,11465.84,391.3241094454612,11711.16
363,2020-08-30,11465.84,11719.0,11458.0,11711.16,382.0152444850711,11649.51
364,2020-08-31,11711.17,11800.77,11570.0,11649.51,371.21201273613747,11921.97
365,2020-09-01,11649.51,12050.85,11515.0,11921.97,382.9718689692705,11388.54
366,2020-09-02,11921.97,11954.57,11160.1,11388.54,412.36459261432265,10140.85
367,2020-09-03,11388.54,11462.6,9960.8,10140.85,490.1814074275854,10446.25
368,2020-09-04,10138.29,10627.05,9875.5,10446.25,508.85059261132926,10166.69
369,2020-09-05,10446.25,10565.68,9825.0,10166.69,525.4098359962344,10256.2
370,2020-09-06,10166.69,10347.14,9994.86,10256.2,513.0434191393605,10373.44
371,2020-09-07,10255.89,10410.75,9875.0,10373.44,514.6653177722634,10126.65
372,2020-09-08,10373.45,10438.0,9850.0,10126.65,519.9035093599588,10219.2
373,2020-09-09,10126.66,10343.0,9981.01,10219.2,508.62397297710464,10336.87
374,2020-09-10,10219.29,10483.35,10070.83,10336.87,501.75940347874007,10387.89
375,2020-09-11,10336.86,10397.6,10200.0,10387.89,480.03373180168734,10440.92
376,2020-09-12,10387.89,10477.97,10269.25,10440.92,460.65417953013815,10332.83
377,2020-09-13,10440.67,10580.11,10200.0,10332.83,454.9010238494141,10671.77
378,2020-09-14,10332.84,10750.0,10212.34,10671.77,460.8123792887417,10785.31
379,2020-09-15,10671.77,10930.04,10606.48,10785.31,451.0086379109745,10954.01
380,2020-09-16,10785.23,11093.0,10661.22,10954.01,449.6351637744764,10939.99
381,2020-09-17,10954.01,11045.46,10745.83,10939.99,438.92050921915666,10933.39
382,2020-09-18,10940.0,11038.03,10812.84,10933.39,423.6540442749312,11080.65
383,2020-09-19,10933.4,11179.79,10887.37,11080.65,414.28018396957896,10920.28
384,2020-09-20,11080.64,11080.64,10723.0,10920.28,410.23517082889464,10417.22
385,2020-09-21,10920.28,10988.86,10296.35,10417.22,430.39765862683083,10529.61
386,2020-09-22,10417.22,10572.71,10353.0,10529.61,415.3485401534857,10241.46
387,2020-09-23,10529.61,10537.15,10136.82,10241.46,414.27578728537964,10736.32
388,2020-09-24,10241.46,10795.24,10190.93,10736.32,427.84965962213823,10686.67
389,2020-09-25,10736.33,10760.53,10556.24,10686.67,411.8811125062712,10728.6
390,2020-09-26,10686.57,10820.94,10644.68,10728.6,395.0510330415376,10774.25
391,2020-09-27,10728.59,10799.0,10594.82,10774.25,381.41738782428496,10696.12
392,2020-09-28,10774.26,10950.0,10626.0,10696.12,377.3161458368361,10840.48
393,2020-09-29,10696.11,10867.54,10635.87,10840.48,366.91284970563345,10776.59
394,2020-09-30,10840.58,10849.34,10665.13,10776.59,353.8626461552312,10619.13
395,2020-10-01,10776.59,10920.0,10437.0,10619.13,363.08674285842903,10570.4
396,2020-10-02,10619.13,10664.64,10374.0,10570.4,357.91197551139834,10542.06
397,2020-10-03,10570.4,10603.56,10496.46,10542.06,339.9968344034413,10666.63
398,2020-10-04,10542.07,10696.87,10517.87,10666.63,328.4970605174812,10792.21
399,2020-10-05,10666.62,10798.0,10615.64,10792.21,318.05869905194686,10599.66
400,2020-10-06,10792.2,10800.0,10525.0,10599.66,314.9830776910936,10666.39
401,2020-10-07,10599.65,10681.87,10546.17,10666.39,302.17714357030127,10925.57
402,2020-10-08,10666.4,10950.0,10530.41,10925.57,310.56377617242265,11050.64
403,2020-10-09,10925.44,11104.64,10829.0,11050.64,308.0692207315352,11293.22
404,2020-10-10,11050.64,11491.0,11050.51,11293.22,317.5278478221398,11369.02
405,2020-10-11,11293.22,11445.0,11221.0,11369.02,310.84728726341564,11528.25
406,2020-10-12,11369.02,11720.01,11172.0,11528.25,327.7874810303145,11420.56
407,2020-10-13,11528.24,11557.0,11300.0,11420.56,322.731232385292,11417.89
408,2020-10-14,11420.57,11547.98,11280.0,11417.89,318.82043007205687,11505.12
409,2020-10-15,11417.89,11617.34,11250.83,11505.12,322.2268279240528,11319.32
410,2020-10-16,11505.13,11541.15,11200.0,11319.32,323.57848307233485,11360.2
411,2020-10-17,11319.24,11402.42,11255.0,11360.2,310.9957342814538,11503.14
412,2020-10-18,11360.31,11505.0,11346.22,11503.14,300.1231818327785,11751.47
413,2020-10-19,11503.14,11823.99,11407.96,11751.47,308.40224027329435,11909.99
414,2020-10-20,11751.46,12038.38,11677.59,11909.99,312.14422311091613,12780.96
415,2020-10-21,11910.0,13217.68,11886.95,12780.96,384.90035003156504,12968.52
416,2020-10-22,12780.75,13185.0,12678.08,12968.52,393.61603931502464,12923.07
417,2020-10-23,12968.84,13027.69,12720.08,12923.07,387.47275079252296,13111.73
418,2020-10-24,12923.06,13166.73,12870.0,13111.73,380.9911257359142,13028.83
419,2020-10-25,13111.73,13350.0,12888.0,13028.83,386.77747389763465,13052.19
420,2020-10-26,13029.64,13238.81,12765.0,13052.19,392.99408290494637,13636.17
421,2020-10-27,13052.15,13789.29,13019.87,13636.17,419.88164841173597,13266.4
422,2020-10-28,13636.16,13859.48,12888.0,13266.4,459.28153066804055,13455.7
423,2020-10-29,13266.4,13642.91,12920.77,13455.7,478.05713562032344,13560.1
424,2020-10-30,13455.69,13669.98,13115.0,13560.1,483.55162593315737,13791.0
425,2020-10-31,13560.1,14100.0,13411.5,13791.0,498.1907955093605,13761.5
426,2020-11-01,13791.0,13895.0,13603.0,13761.5,483.46288154440623,13549.37
427,2020-11-02,13761.49,13830.0,13195.05,13549.37,494.2833900055201,14023.53
428,2020-11-03,13549.63,14066.11,13284.99,14023.53,514.7717192908401,14144.01
429,2020-11-04,14023.53,14259.0,13525.0,14144.01,530.4308821986373,15590.02
430,2020-11-05,14144.01,15750.0,14093.56,15590.02,610.8601048987348,15579.92
431,2020-11-06,15590.02,15960.0,15166.0,15579.92,623.9415259773965,14818.3
432,2020-11-07,15579.93,15753.52,14344.22,14818.3,680.038559836154,15475.1
433,2020-11-08,14818.3,15650.0,14703.88,15475.1,699.0443769907146,15328.41
434,2020-11-09,15475.1,15840.0,14805.54,15328.41,723.0026357770921,15297.21
435,2020-11-10,15328.41,15460.0,15072.46,15297.21,699.0410189358714,15684.24
436,2020-11-11,15297.21,15965.0,15272.68,15684.24,698.5609461547377,16291.86
437,2020-11-12,15684.25,16340.7,15440.64,16291.86,712.9537357151137,16320.7
438,2020-11-13,16291.85,16480.0,15952.35,16320.7,699.7177545926054,16070.45
439,2020-11-14,16320.04,16326.99,15670.0,16070.45,696.6657721217051,15957.0
440,2020-11-15,16069.56,16180.0,15774.72,15957.0,675.8525026844405,16713.57
