Date,close,volume,ema_short,ema_long,atr,obv,tweet_sentiment,close_nextday
2019-09-02,0.49533576186904177,-0.44106080517604357,0.5480271201133091,0.9264010844932806,0.9234696611287562,-0.3272099898325361,-1.917940601333644,0.6186070520600309
2019-09-03,0.635520175882501,-0.35521396586232856,0.574200403776961,0.9311437004690083,0.9047046383596226,-0.2635684024110121,0.3460577215485691,0.5944047456379946
2019-09-04,0.6109441085318414,-0.46204369688259617,0.5950787937065892,0.9342962942816712,0.8418486481577422,-0.32183409893341974,0.3460577215485691,0.5931359550195162
2019-09-05,0.6096557237328945,-0.7248154460752093,0.6138218619809365,0.9372516512003608,0.7966839351021384,-0.3668765775814867,0.3460577215485691,0.45985777526982047
2019-09-06,0.47431930311310055,-0.07061696340826493,0.6153486145143781,0.9323593062918343,0.9480416945314032,-0.44483968261564943,-0.40860838607883515,0.5386682281132305
2019-09-07,0.554346841118822,-0.8916826064159269,0.6258548219314172,0.9322308124427724,0.7811794454427142,-0.4081943102478783,1.1007238291759733,0.5012063074806968
2019-09-08,0.5163063887546647,-0.9879392112319586,0.6310230087446735,0.9299340964710795,0.6989551203369311,-0.4399958565371344,1.1007238291759733,0.4620593526671012
2019-09-09,0.4765548798986253,-0.5702875519144799,0.6311664606418167,0.9254564335857013,0.6396667768262435,-0.4928144956471991,1.1007238291759733,0.35926725263965054
2019-09-10,0.3721753414637996,-0.8580216068154045,0.6193947389613577,0.9151911347065018,0.5975620961032279,-0.5311537658134182,1.1007238291759733,0.3894474184183107
2019-09-11,0.4028215854166112,-0.7779640599897146,0.6122384643217554,0.9070792245840426,0.5464640456617154,-0.488785830568584,1.1007238291759733,0.5181719938929944
2019-09-12,0.533534079564296,-0.7105819862079635,0.6206677742373188,0.9067530679201062,0.49636795978037634,-0.44302709186139944,0.3460577215485691,0.4815876952297629
2019-09-13,0.4963848024563262,-0.822057748287823,0.6240584764502006,0.9043173536943845,0.3722396333946101,-0.4831761348134224,0.3460577215485691,0.4780571474218244
2019-09-14,0.4927997317114315,-0.9975074056343866,0.6267174795005677,0.9017723416344575,0.2011506114922056,-0.5144961916840743,0.3460577215485691,0.4615026895894287
2019-09-15,0.47598962016469976,-1.1443707845400564,0.627206530039429,0.8983667678537052,-0.014473746044225114,-0.5384257790503791,-0.40860838607883515,0.43607672739304976
2019-09-16,0.45017099988541154,-0.8565463542830699,0.6247051265365595,0.8936197213858779,-0.10780098432884203,-0.5768392862339785,1.1007238291759733,0.40423660234673675
2019-09-17,0.4178391615908951,-1.0161413285383383,0.6187554272539546,0.8872117071364635,-0.27662260779814024,-0.6072216467986925,1.1007238291759733,0.3887754107389586
2019-09-18,0.4021391997918726,-0.9809415765197352,0.6115822328114405,0.8801580445966461,-0.426415067760376,-0.6393753249960257,-1.917940601333644,0.43255620955047497
2019-09-19,0.44659611400058774,-0.4387940436944088,0.610161243766777,0.8759208315321383,-0.24069525448301415,-0.5799396529409107,-0.40860838607883515,0.3945927906497673
2019-09-20,0.40804641863289326,-0.9588552096202164,0.6044800929399877,0.8696474294013643,-0.3541317759071197,-0.6132047653201677,-0.40860838607883515,0.3032198061886195
2019-09-21,0.3152623433885882,-1.0785909630621322,0.5887606247052242,0.858319264300233,-0.4233873131834548,-0.640444518191496,-0.40860838607883515,0.3245234526206155
2019-09-22,0.3368949861788088,-1.0389338352461541,0.5770048350529424,0.8486712195675703,-0.5140296383151527,-0.6112091362287159,-0.40860838607883515,0.16072408826990162
2019-09-23,0.17056603636379847,-0.7784011816098508,0.5474035681426875,0.8298991126690489,-0.47231817007195115,-0.6535550716810679,-0.40860838607883515,-0.44564248276093316
2019-09-24,-0.44516477164191687,0.857053394427021,0.45041491947647766,0.7766863030352862,0.5527520769557887,-0.778200467613923,0.3460577215485691,-0.4772820084999771
2019-09-25,-0.47729291273501895,-0.018334951668942327,0.3589999861445406,0.7237247810582568,0.568909815527405,-0.8587945137544434,1.1007238291759733,-0.6609908540971644
2019-09-26,-0.6638388097904179,0.16997672610375233,0.25502099402679146,0.6621827651115467,0.7113347444528683,-0.9488647964894437,1.1007238291759733,-0.6037297818371542
2019-09-27,-0.6056934436466487,-0.4636501649464725,0.16757458490130964,0.6063760216896759,0.6520152828525614,-0.890679933351747,1.1007238291759733,-0.5932484680323357
2019-09-28,-0.5950502648727413,-0.7115713723945891,0.08966995641987438,0.5533658256260301,0.5344071861276846,-0.8449709926754048,1.1007238291759733,-0.6709756846164917
2019-09-29,-0.6739778379908246,-0.7887566692015296,0.010185376124374245,0.49792530766891596,0.44113760134460583,-0.8867958172075358,1.1007238291759733,-0.5478478298146202
2019-09-30,-0.5489484957626042,-0.14792741559167605,-0.047473211057380324,0.4518018870358453,0.5366156495624299,-0.8127231395516801,-1.917940601333644,-0.5462931851832833
2019-10-01,-0.5473698424516417,-0.474466224323563,-0.09946050380407642,0.40757741687710064,0.4354910917249997,-0.7550825716427547,-1.917940601333644,-0.5124420520815959
2019-10-02,-0.5129959397129448,-0.9284253266126603,-0.14257726187816996,0.36705102981374227,0.275701970452845,-0.7202861702360699,-1.917940601333644,-0.5806357865877811
2019-10-03,-0.5822428033338047,-0.8165788411334449,-0.18948329326796193,0.3241578212116989,0.19703743856825387,-0.7607109288495222,-1.917940601333644,-0.6241808812132551
2019-10-04,-0.6264603733308568,-0.9222877069505421,-0.23696383720946804,0.2804205377615054,0.057263554027679506,-0.7958161930065868,-1.917940601333644,-0.6296672722670695
2019-10-05,-0.6320314917895437,-1.0426663638000122,-0.28055765186581166,0.23808016242768415,-0.10853534191743613,-0.8248637467910588,-1.917940601333644,-0.7660447113140751
2019-10-06,-0.7705150341711913,-0.7062360645668984,-0.3357897758121387,0.1894885925942428,-0.13708608509864612,-0.8708411830143992,-0.40860838607883515,-0.5976215329308051
2019-10-07,-0.599490863863577,-0.24445303859586862,-0.36626126512421353,0.15257323056785999,-0.05676530566643848,-0.8016258684459006,-0.40860838607883515,-0.6085040453501623
2019-10-08,-0.6105414370403136,-0.6857748731664758,-0.395090710759371,0.11647420763131866,-0.1728239305704778,-0.848632945518647,-0.40860838607883515,-0.4117411998324282
2019-10-09,-0.4107399446028662,-0.16971209216264974,-0.39839282913023166,0.0932055447206599,-0.07915663718601722,-0.7756565085815869,-0.40860838607883515,-0.413100260139177
2019-10-10,-0.412119993142449,-0.5886730084605123,-0.4015378152411016,0.07077053585694176,-0.19789422426886072,-0.827549951433846,-0.40860838607883515,-0.5633140364050802
2019-10-11,-0.5646535499916623,-0.2917957604671537,-0.42177538374519175,0.040501048847183904,-0.09477056776058251,-0.8943828847522235,1.1007238291759733,-0.5424567234317589
2019-10-12,-0.5434741334745895,-1.0576399530409542,-0.437670655942341,0.012628586206726513,-0.26262074731848917,-0.8660888217527313,1.1007238291759733,-0.5550342999975414
2019-10-13,-0.5562459480032786,-0.8863375496431215,-0.4535083541363709,-0.01488049582255616,-0.32914199020644896,-0.903003171870924,1.1007238291759733,-0.5183296417499484
2019-10-14,-0.5189744525744603,-0.8344331119132357,-0.46358794832307876,-0.03918145993711055,-0.4575957266067508,-0.8634768783013379,1.1007238291759733,-0.6130676795905382
2019-10-15,-0.6151755483724937,-0.7563783145960784,-0.4836765743575989,-0.06802543909428105,-0.4965209741630405,-0.906931050307068,1.1007238291759733,-0.6970937144229492
2019-10-16,-0.7004992136149923,-0.7047212892840996,-0.5115807301686389,-0.10061284535902426,-0.5635305842941344,-0.9529847130577204,0.09450235233943435,-0.6575555909601781
2019-10-17,-0.6603504952161944,-0.8384831398958241,-0.5322495302551336,-0.12962860723033975,-0.6688974387121276,-0.9136622307349082,0.09450235233943435,-0.7195257319583338
2019-10-18,-0.7232776531631686,-0.7937900232156724,-0.5581249221005526,-0.1611015412513419,-0.70158341221679,-0.9552337664794069,1.1007238291759733,-0.7190242336901607
2019-10-19,-0.7227684101596323,-0.9182943282436193,-0.5814779262621874,-0.1913111493782606,-0.7747876185189081,-0.9199275485614733,1.1007238291759733,-0.5809417005313662
2019-10-20,-0.5825534415659612,-0.7165027577125338,-0.5866193138143511,-0.21232554877786,-0.7190133035213853,-0.874466755503629,-0.40860838607883515,-0.5940207753653218
2019-10-21,-0.5958344990981866,-0.817622241745705,-0.59278537150428,-0.23327460441016445,-0.8163834735838618,-0.914839002040064,-0.40860838607883515,-0.6829213733643759
2019-10-22,-0.6861080063350579,-0.7068755426694122,-0.6086573062673043,-0.25855947777546595,-0.839166686442197,-0.9607842512561782,-0.40860838607883515,-0.9604404850060324
2019-10-23,-0.9679128996319478,0.06370294844001706,-0.6551494447032079,-0.29895237551037757,-0.5761950508037537,-1.0455066080239839,-0.40860838607883515,-0.9876267061236987
2019-10-24,-0.9955189628536479,-0.7579244445942457,-0.7003614451554755,-0.33933837972773573,-0.6997423756038967,-1.0888829766041164,-0.40860838607883515,-0.3644599431090635
2019-10-25,-0.3627285142294682,0.7711802066129962,-0.6691158249649564,-0.3419891335065931,-0.010420787441489334,-0.9685588938415031,-0.40860838607883515,-0.07610846887486733
2019-10-26,-0.06992397205619554,2.664066217799731,-0.6074599651593195,-0.3278079352785153,0.921387133258675,-0.7529808604526876,-0.031275332265133,0.07430590669830497
2019-10-27,0.08281328199443204,0.8524737615882092,-0.5342607612615158,-0.3054569427809939,1.0415737069231712,-0.6285659126658272,1.1007238291759733,-0.08857571582165207
2019-10-28,-0.082583753124107,0.49257116433929216,-0.4868917280772383,-0.29343163612153794,1.1667373038805757,-0.7348698088162016,1.1007238291759733,0.012967653518047543
2019-10-29,0.020527770231913576,0.0705799070208225,-0.43227710087524773,-0.2759871215351859,1.1160610299196765,-0.6498013821229895,1.1007238291759733,-0.11386125850294221
2019-10-30,-0.10825978536240476,-0.1643609752347731,-0.3975484169492552,-0.2665843726478478,1.0252920842853737,-0.7230470878413595,1.1007238291759733,-0.12081703948250326
2019-10-31,-0.11532298582145202,-0.18717271634781507,-0.3669325834382929,-0.25795388151992144,0.9935664261187301,-0.7951448706106605,1.1007238291759733,-0.07530105666310827
2019-11-01,-0.06910409082050187,-0.47124143137067115,-0.33396259588060173,-0.24702134333807357,0.8105415467475648,-0.7373420164374103,1.1007238291759733,-0.046259291953201366
2019-11-02,-0.03961382848571771,-0.857820040788036,-0.30077008320510457,-0.2348327456627164,0.6017435297207566,-0.6989926049024798,1.1007238291759733,-0.09380634275869815
2019-11-03,-0.08789515765099024,-0.8849242160865146,-0.2762438717635156,-0.22588045730518896,0.47667967934893896,-0.7359780746801736,1.1007238291759733,0.005811273231216508
2019-11-04,0.013260872571451067,-0.41064910263370086,-0.24251952773097962,-0.2115001683386488,0.4246356323127876,-0.6751260991093625,0.09450235233943435,-0.03666061510036762
2019-11-05,-0.029866917398034192,-0.40955801123588026,-0.2169245212708152,-0.2001477143117642,0.3013274223564356,-0.7360329904605802,0.09450235233943435,-0.021420082730585953
2019-11-06,-0.014391022520567854,-0.6361472093483423,-0.1920025497330895,-0.18835631259603977,0.13103153494499917,-0.6865285423923461,1.1007238291759733,-0.0830291449756564
2019-11-07,-0.07695152550499541,-0.5892126257468528,-0.1765873416555759,-0.18060141686006892,0.025415193913329616,-0.7383948367955679,0.3460577215485691,-0.3049270836942296
2019-11-08,-0.3022762772796805,0.016534653640781553,-0.18833211471071815,-0.18602349730132234,0.11124211113692584,-0.8207435898775031,-1.917940601333644,-0.2870336254858115
2019-11-09,-0.28410648691350693,-0.8434226932488648,-0.1968865912074616,-0.19019490221140425,-0.06808764438404433,-0.7816696731561008,-1.917940601333644,-0.17165893390989748
2019-11-10,-0.16695004151995754,-0.7129304280405583,-0.19126800207399816,-0.18750954392712585,-0.08163051120962948,-0.7360291168400537,-1.917940601333644,-0.3252177036245147
2019-11-11,-0.3228802492027567,-0.4371664968302847,-0.20396391276891165,-0.1938378277858679,-0.05853210685354065,-0.7955466917134816,-0.40860838607883515,-0.28074985218560167
2019-11-12,-0.2777256720791974,-0.5562991331001137,-0.21030209651784199,-0.19733825072538208,-0.12128542331424198,-0.742024123854315,-0.40860838607883515,-0.303227004565122
2019-11-13,-0.30054994349769193,-0.9134928410322011,-0.21863910137197734,-0.20200535883533458,-0.2916716970912027,-0.7775719593030669,-0.40860838607883515,-0.3686424386656276
2019-11-14,-0.36697560087896064,-0.7380553039957798,-0.2337560588254222,-0.21028435845936616,-0.4028636670910959,-0.8219481785857403,-0.40860838607883515,-0.45637956068252017
2019-11-15,-0.4560676643476279,-0.4055648960139606,-0.2575917167177615,-0.22332854456318119,-0.39703772544250476,-0.8830560039444013,-0.40860838607883515,-0.4467056590894597
2019-11-16,-0.4462443668094132,-1.0691550381312585,-0.2780372448380903,-0.23529998637252855,-0.5477210866490015,-0.8553414096978648,1.1007238291759733,-0.4409986087976497
2019-11-17,-0.4404491814291711,-0.9082515973506154,-0.2958748040770165,-0.24647087940326945,-0.5983333103028782,-0.8195298237671984,1.1007238291759733,-0.5990859078738707
2019-11-18,-0.6009778534339029,-0.48644767786934706,-0.3303172680492153,-0.2663747436545414,-0.5447229591923038,-0.8765674638340978,1.1007238291759733,-0.6259311101691792
2019-11-19,-0.6282376314131982,-0.47226243575766813,-0.36458769811933617,-0.2870554225300057,-0.6389584013926196,-0.9343189348496146,0.3460577215485691,-0.6437994934641885
2019-11-20,-0.6463819596291949,-0.7644628249460728,-0.3976631212176677,-0.30796168465700824,-0.7199788706825044,-0.97736627552508,0.3460577215485691,-0.8796390840379749
2019-11-21,-0.8858636669021873,-0.08065205323617897,-0.4548945673932136,-0.34172974659531263,-0.536843219312812,-1.054824393077733,-0.40860838607883515,-1.0599327264289033
2019-11-22,-1.0689416191035046,1.7159035773336577,-0.5275502222874083,-0.3846328626046544,-0.16123231541937966,-1.222688920151116,-0.40860838607883515,-1.038197791486279
2019-11-23,-1.0468710273302435,-0.2906203538683425,-0.5907697690317921,-0.4245926047354303,-0.2519952090603648,-1.1557968374853544,-0.40860838607883515,-1.2429545193986933
2019-11-24,-1.254789853244059,0.16890592305117025,-0.6716756228727858,-0.4748637556295822,-0.20677458866387285,-1.2458132255533665,-1.917940601333644,-1.1395004416572547
2019-11-25,-1.149738114044566,1.532586521279651,-0.7328980004690194,-0.5171618552174904,0.08376433343659694,-1.0871736000740622,1.1007238291759733,-1.116145667308431
2019-11-26,-1.1260226673698825,0.11178738059501725,-0.7855856046452673,-0.5564463360657802,0.012186732522681086,-1.0000315340574464,1.1007238291759733,-0.9394277075695772
2019-11-27,-0.9465756177837786,0.8160951776657547,-0.8127945200778003,-0.5839383916695599,0.25694757240218835,-0.8774472296458432,1.1007238291759733,-0.9840760983850328
2019-11-28,-0.9919135223886113,-0.11977430649587203,-0.8425816060994512,-0.6129424939179647,0.14802483386704235,-0.9529366353092056,1.1007238291759733,-0.8235013678986725
2019-11-29,-0.8288590050863393,-0.019351740295889673,-0.8509401062184259,-0.6314938327255013,0.17624371079887838,-0.872393757919941,1.1007238291759733,-0.9226927103606393
2019-11-30,-0.9295821787557741,-0.3817982852496988,-0.8699871660058219,-0.6550720095817961,0.1274337610062899,-0.9346975762593823,1.1007238291759733,-0.9984189488547845
2019-12-01,-1.0064778722897478,-0.018718322348447072,-0.8959879823830079,-0.6821186233455823,0.05865834420618714,-1.0152723304642417,1.1007238291759733,-1.0468686965429927
2019-12-02,-1.0556758388613852,-0.3991664261987774,-0.9251221564559191,-0.7109152784217656,-0.04465756403250943,-1.0767021378405282,1.1007238291759733,-1.0476560488240243
2019-12-03,-1.056475350376937,-0.7464602121095388,-0.9515728087856824,-0.7386283292109103,-0.21062082333024879,-1.1206554027413915,1.1007238291759733,-1.0969984634295806
2019-12-04,-1.1065797694948687,0.5709034113647093,-0.9812173323704576,-0.7681170724006776,-0.03336336722254786,-1.2309011426153649,1.1007238291759733,-0.999366780581632
2019-12-05,-1.0074403415664315,-0.05725721981128563,-0.9967345417602342,-0.7907855325702171,-0.0886878912984435,-1.1522657503342493,1.1007238291759733,-0.9299243153876962
2019-12-06,-0.9369254628667668,-0.3501890433682849,-1.0027337094760933,-0.8085364998612545,-0.17163951148204282,-1.0883712968375308,1.1007238291759733,-0.949613137396174
2019-12-07,-0.9569183431856001,-0.7899563164206256,-1.0104411460794778,-0.8267335493243805,-0.33434030851302454,-1.1301357563234289,-0.40860838607883515,-0.9386303253231822
2019-12-08,-0.9457659214081564,-0.8332147572589197,-1.0161429252471768,-0.8435798482010689,-0.46034360079441183,-1.0905481600722378,-0.40860838607883515,-1.0246222333668316
2019-12-09,-1.033085819224517,-0.39148241305348896,-1.031258023514946,-0.8647541167457534,-0.45862737928852526,-1.1523646448708806,-0.40860838607883515,-1.0820488000553388
2019-12-10,-1.0913992355594528,-0.30975279039815184,-1.0515825717873473,-0.8884294827047022,-0.5369761955066906,-1.2182939401384767,-0.40860838607883515,-1.0891349705846254
2019-12-11,-1.0985948391994202,-0.8269915049707954,-1.0707919023127321,-0.9115874896774159,-0.6733413717778528,-1.2581947090848162,-0.40860838607883515,-1.0951128299412494
2019-12-12,-1.1046650158015723,-0.505658105960073,-1.088863903426645,-0.9341841303074838,-0.7589775037088832,-1.3142656405129216,-0.40860838607883515,-1.0648223345435914
2019-12-13,-1.073906738387983,-0.892420627909599,-1.1017076566637969,-0.9541373996501429,-0.8994236595885295,-1.277657398429258,-0.40860838607883515,-1.1623286428244963
2019-12-14,-1.1729188555655359,-0.8409851934852236,-1.1246177053787547,-0.9789647762639277,-0.9404287938866382,-1.3168539679894489,-0.40860838607883515,-1.1349769272783328
2019-12-15,-1.1451447421526688,-0.9244100786504804,-1.14217899863295,-1.0012317878258348,-1.021364254772547,-1.2818555089888517,-0.40860838607883515,-1.2487518393787747
2019-12-16,-1.2606767023649377,-0.4641489420573332,-1.1712409151142704,-1.0292259546684077,-1.019388365615338,-1.3400152705503403,-0.40860838607883515,-1.3831032254223612
2019-12-17,-1.3971029030122992,-0.2006354825810048,-1.2130905499983762,-1.0639163759450145,-0.9744478837551934,-1.4114355723762542,-1.1632744937062394,-1.0551183430544409
2019-12-18,-1.0640528862695564,0.899983005981451,-1.2129796430435702,-1.0782191530673073,-0.539141477969978,-1.2846298612360054,-1.1632744937062394,-1.1190744171945624
2019-12-19,-1.1289966465105343,-0.15731907504202952,-1.2202842835834171,-1.0956712911553792,-0.5541112076241295,-1.3582299334949215,1.1007238291759733,-1.100253187190024
2019-12-20,-1.109884756587819,-0.7732674398095285,-1.2247140777240868,-1.111347164349089,-0.6951549247146471,-1.3156256616739221,1.1007238291759733,-1.127875711801001
2019-12-21,-1.1379338612225955,-1.106968561380574,-1.23192018767932,-1.1280107501783125,-0.8608311212564427,-1.3414374065878336,1.1007238291759733,-0.9429783153082435
2019-12-22,-0.9501810582488157,-0.588685919225664,-1.217032145313075,-1.1332944947992152,-0.8184572448855678,-1.2895446147805352,-0.40860838607883515,-1.035429521045963
2019-12-23,-1.0440600059507232,0.17316884691626017,-1.2142662301345042,-1.1437343628417636,-0.7579585022910803,-1.3797755229832145,1.1007238291759733,-1.0661813948503402
2019-12-24,-1.0752867869275657,-0.47032766537993426,-1.2153242598414746,-1.1555488185443998,-0.7965113223742671,-1.4376243598551646,1.1007238291759733,-1.0918280162847152
2019-12-25,-1.1013294741284099,-0.895525271701079,-1.2192509510607732,-1.1683877878611872,-0.9187177312802152,-1.4740763705171422,-1.917940601333644,-1.0931469567300107
2019-12-26,-1.1026687832277102,-0.6645089985665981,-1.2229563817195899,-1.1807997832679602,-0.9468999920819474,-1.5221535953976988,-1.917940601333644,-1.0666979380665589
2019-12-27,-1.0758113072212085,-0.7334646047868384,-1.2232465845326803,-1.191190659054529,-1.0226398731099384,-1.4775463587540079,-1.917940601333644,-1.0359059444007275
2019-12-28,-1.0445437868040826,-0.9124689383101701,-1.2199439794182014,-1.1993877278111509,-1.1391657557554744,-1.4419469913922145,-1.917940601333644,-0.9997479192654437
2019-12-29,-1.007827366249119,-0.7928960186001677,-1.2127694467952486,-1.2051657240811204,-1.1752558470490593,-1.4003304745476723,-1.917940601333644,-1.0710810329303921
2019-12-30,-1.0802620910721152,-0.8398279673516261,-1.214537318935593,-1.2148553472346577,-1.241762504237934,-1.4395852858398308,-1.917940601333644,-1.096542100005543
2019-12-31,-1.106116358361651,-0.936038462292116,-1.2190847646261642,-1.2256420462896445,-1.3118921046388174,-1.4739985875861545,-1.917940601333644,-1.0937236797384096
2020-01-01,-1.1032544126817767,-1.1774450030386843,-1.2228727969129864,-1.2358422338254926,-1.4371367540979403,-1.451733371320715,-1.917940601333644,-1.2116459825166437
2020-01-02,-1.2229978125332908,-0.7780257154804391,-1.2399533862295133,-1.252483386086954,-1.422045358131771,-1.4940982030979166,-1.917940601333644,-1.0214527643119775
2020-01-03,-1.029867403442168,0.18308905728282432,-1.233386233905363,-1.257438352829142,-1.2524443197586075,-1.4033680850056736,-0.40860838607883515,-1.0168640551581933
2020-01-04,-1.0252078299598113,-0.8297612593233405,-1.2269132331040964,-1.261932804485563,-1.3491114381623626,-1.3636066918277134,-0.40860838607883515,-1.0145371031938697
2020-01-05,-1.022844942423403,-0.6099325594203158,-1.2207872885895041,-1.2661160107464202,-1.4103030257468876,-1.3127830744675,-0.40860838607883515,-0.8143139196257405
2020-01-06,-0.8195296732615553,-0.1803305377874183,-1.1920624554956651,-1.2585197146424352,-1.2954971397999397,-1.240340991776792,0.3460577215485691,-0.6200936703276441
2020-01-07,-0.6223100428520366,0.7823377425540989,-1.1435860427964764,-1.2399541028957315,-1.1665267468290634,-1.1194554300380153,-0.40860838607883515,-0.6648774656755063
2020-01-08,-0.6677854430678238,1.3475383687553033,-1.1049116046308782,-1.2247145759875961,-0.9829219969479135,-1.2687830581350936,1.1007238291759733,-0.7843443831197131
2020-01-09,-0.7890973113702289,0.07271571645591857,-1.0837526074247068,-1.217003256682746,-0.9887602715140222,-1.3539589597250825,1.1007238291759733,-0.5941461499323651
2020-01-10,-0.5959618098490707,0.5513957721904913,-1.042587153314467,-1.1985604598117012,-0.8545065825656455,-1.2446948870042114,1.1007238291759733,-0.6829163583816941
2020-01-11,-0.6861029139050223,-0.17573720372844578,-1.0156202424966787,-1.1859906949744807,-0.8839259864996485,-1.3173681255486918,1.1007238291759733,-0.6001841890811702
2020-01-12,-0.6020930956116476,-0.6151917200821118,-0.9816426834429213,-1.1691143589699828,-0.9404277385322163,-1.2668091484947321,1.1007238291759733,-0.6376160198176136
2020-01-13,-0.640102993395593,-0.7988863501455551,-0.9552350279364367,-1.1550713555695624,-1.0541238805915163,-1.3081242188851534,0.09450235233943435,-0.28673272652490744
2020-01-14,-0.283800941111385,1.5524372179279,-0.8907162929544856,-1.1212234277723852,-0.7588174984375112,-1.1484856630859235,-0.031275332265133,-0.2810156462677338
2020-01-15,-0.2779955708710719,0.6148830106564774,-0.8316802623792822,-1.0883712073566412,-0.7512772771274113,-1.0360267804972323,1.1007238291759733,-0.3318675706604908
2020-01-16,-0.32963281142964745,-0.2500125721611941,-0.7841544665063485,-1.0597573585102251,-0.7939916318186517,-1.1049623304280354,-0.40860838607883515,-0.2349430003706663
2020-01-17,-0.23121141613619625,0.2481498281872997,-0.729932781830236,-1.026642781058815,-0.7733663463512127,-1.0109582233338834,-0.40860838607883515,-0.23359898501196302
2020-01-18,-0.22984664488671988,-0.6108900639215665,-0.6807194538589015,-0.9947488447456798,-0.8722068246345754,-0.9601827883405597,-0.40860838607883515,-0.3410500039507408
2020-01-19,-0.3389570508243959,0.2423307618939245,-0.6486340416027799,-0.970339157360578,-0.6161080581878549,-1.0538940704320519,-0.40860838607883515,-0.3708139261668173
2020-01-20,-0.3691806230842726,-0.5950311650702217,-0.6230505199249612,-0.9486133932888873,-0.69887444695295,-1.1054675623876897,-1.1632744937062394,-0.32383356840435673
2020-01-21,-0.3214747385129965,-0.6583189453888639,-0.5944640276261934,-0.9250141701715753,-0.7281489737615121,-1.0570788457094447,-1.1632744937062394,-0.3507489804572096
2020-01-22,-0.3488058105127871,-0.8536701519892741,-0.5717163882165656,-0.903901838150908,-0.8014652604474131,-1.095637083372541,1.1007238291759733,-0.490085259286437
2020-01-23,-0.4902938866152988,-0.3507990111504519,-0.56726787325772,-0.8917006919002683,-0.7700621354926639,-1.1595008508452709,1.1007238291759733,-0.47279359899982704
2020-01-24,-0.47273518785336915,-0.5214953990411638,-0.5612409572276335,-0.8789748888724053,-0.8011907057154175,-1.104226886748272,1.1007238291759733,-0.5221510585534282
2020-01-25,-0.5228548842614069,-0.9474550039912621,-0.561502756140641,-0.8696114884453732,-0.8892848177935428,-1.138065676985671,1.1007238291759733,-0.3845299038013531
2020-01-26,-0.3831084192309892,-0.799657570749617,-0.5458055203276235,-0.8526315277118006,-0.8901265934513661,-1.0967894167054815,1.1007238291759733,-0.23780655548193544
2020-01-27,-0.23411919368638873,-0.19777746075242253,-0.5146152844441412,-0.8278056539602551,-0.8020994472957813,-1.0252252892204654,1.1007238291759733,-0.0037874036216181566
2020-01-28,0.003513961483766616,0.3452996471638267,-0.4593002585266511,-0.7903772989273746,-0.6744799393825934,-0.9263323930530729,0.3460577215485691,-0.04023629775244176
2020-01-29,-0.03349782001324724,-0.2006618310813144,-0.4134734691420044,-0.7565312153818372,-0.7483182784017448,-0.9977513625940883,-0.40860838607883515,0.06592085565444936
2020-01-30,0.07429873897530534,-0.022475618492595908,-0.35972001058961994,-0.7178539833261577,-0.7282063661547431,-0.9173656807522629,-0.40860838607883515,-0.014479346699069516
2020-01-31,-0.007343099351626083,-0.41967188307972014,-0.32039485387231337,-0.6853577252691119,-0.7432458786158163,-0.9777636193319188,0.3460577215485691,0.0014281783673833078
2020-02-01,0.008810088720544356,-0.8669100099098448,-0.2829731394495897,-0.65321299436951,-0.8435869040661451,-0.93987163852294,1.1007238291759733,-0.02520137967261101
2020-02-02,-0.018230714767230698,-0.4160123398717197,-0.25219863079109234,-0.6238736894019944,-0.8271163248186115,-1.0004537331644128,1.1007238291759733,-0.044895216663770734
2020-02-03,-0.03822868751609945,-0.2789679930914253,-0.22663522655942223,-0.596827434881914,-0.7942791133422479,-1.0679321850893073,0.3460577215485691,-0.09264788175921752
2020-02-04,-0.08671880631282082,-0.2153086989184176,-0.20903534831197026,-0.5736120710960846,-0.8445514104142641,-1.138614094020361,0.3460577215485691,0.1154839294980024
2020-02-05,0.1246272250147938,0.08933898530124486,-0.16901365753440176,-0.5392328591077921,-0.6951747592825773,-1.0526016806158551,-0.40860838607883515,0.19570359247497865
2020-02-06,0.2060857358604519,0.09142815789079302,-0.1235155347989275,-0.5015481052582834,-0.7024560545895958,-0.9664841344187769,-0.40860838607883515,0.21663111520584388
2020-02-07,0.22733644639801937,-0.46145823320571683,-0.07992752872820226,-0.4641271261838022,-0.823740347294298,-0.9081889687154907,-0.40860838607883515,0.2574129543736841
2020-02-08,0.26874808744558704,-0.4710825499138043,-0.03576894392080766,-0.42580777848725027,-0.8618601680419983,-0.850378119892779,-1.1632744937062394,0.38614755981373144
2020-02-09,0.3994707664533428,-0.4761509474333587,0.019089257263631917,-0.38152292910838603,-0.8894461666809783,-0.792822334030364,-0.40860838607883515,0.235738199223241
2020-02-10,0.24673860483275067,-0.05023797932880831,0.05130811776525966,-0.34770036924775866,-0.8223221747350332,-0.8718109567091774,-0.40860838607883515,0.421919431282522
2020-02-11,0.4357950698955834,0.024837329573339433,0.10201501700350536,-0.30440333846970474,-0.6389162786523074,-0.7890444010642856,-0.40860838607883515,0.47376432224626164
2020-02-12,0.48844061160116053,-0.012428408354539476,0.15389541135149565,-0.25979657675616946,-0.7192888418952256,-0.7081531231834898,-0.40860838607883515,0.4252042449390558
2020-02-13,0.4391306115687455,0.470705597872368,0.19521241561626163,-0.21975619314948372,-0.67190241813955,-0.8133567005337248,-0.40860838607883515,0.4827411412465617
2020-02-14,0.4975560613644601,-0.38050589130951284,0.2392562244900895,-0.17794815927679836,-0.7225740868070573,-0.7509878508169024,-0.40860838607883515,0.26226244262691845
2020-02-15,0.2736724672897826,-0.10071854410196372,0.2535778417841008,-0.15057018504289416,-0.5776317586456823,-0.8274361844464797,-0.40860838607883515,0.268556245892492
2020-02-16,0.2800634669841631,-0.038356913569203795,0.26726420689492,-0.12390073735578774,-0.5454951817566985,-0.7478496886082363,-0.40860838607883515,0.16260470677555092
2020-02-17,0.1724756976270594,0.2313729475851682,0.26737978986910765,-0.10442366805955011,-0.45270492451365485,-0.8410095542350311,-0.40860838607883515,0.392646977369255
2020-02-18,0.4060705557791721,0.24041338152639485,0.2941192009490384,-0.07236506942042052,-0.2638496716261936,-0.7473947523933575,-0.40860838607883515,0.10633158610384247
2020-02-19,0.11533354020025724,-0.16644777645929348,0.28516173096593245,-0.05817355326552067,0.05434432533318622,-0.8205354465525238,0.5976130907577039,0.10765052654913744
2020-02-20,0.11667284929955718,-0.0349753470394699,0.27721006339399984,-0.04446205207310736,-0.02999545461341112,-0.7407787787877466,1.1007238291759733,0.14808633191193793
2020-02-21,0.1577331126746846,-0.5084787129182154,0.27469745029654596,-0.028942473111556115,-0.16752525396602708,-0.6848497813955352,1.1007238291759733,0.13495209226848384
2020-02-22,0.14439603841207088,-0.9707576176650721,0.2709034204778521,-0.014793455667089797,-0.330715832934237,-0.7175159353198843,1.1007238291759733,0.2781499077626439
2020-02-23,0.2898052856418112,-0.6265057661150537,0.2840505072464373,0.007107967071967741,-0.3584813338713203,-0.6675263105110045,1.1007238291759733,0.13759498814175564
2020-02-24,0.1470797490407062,-0.14974256377800432,0.2796717108093533,0.01999656286161743,-0.27592102577546807,-0.7415076446297886,1.1007238291759733,-0.03305985753488427
2020-02-25,-0.02621055263264377,-0.18708523932678722,0.2559511225542772,0.022479602789549476,-0.25704395109150063,-0.8136098289603474,1.1007238291759733,-0.2991498236448747
2020-02-26,-0.29640979787894267,0.807597259345903,0.20368111482878865,0.009428714311998846,-0.038041305007505376,-0.9357664898599488,1.1007238291759733,-0.28011294938502246
2020-02-27,-0.277078933464707,0.28993433391827467,0.15859333722479768,-0.0020059972245608506,-0.026189690776152,-0.8396596978437494,-0.40860838607883515,-0.3454581737279832
2020-02-28,-0.34343329682548,0.25493377656201227,0.11023380966784856,-0.01678313101615945,-0.006191884685345921,-0.9340051894271046,-0.40860838607883515,-0.43036183052969673
2020-02-29,-0.42964813732416673,-0.6516398640453837,0.05664960600698815,-0.03590624598797137,-0.10677782166948434,-0.9827300184744462,1.1007238291759733,-0.4262144398519055
2020-03-01,-0.42543669768492265,-0.4634056508635994,0.00864885450046814,-0.05403883422284468,-0.15433063162112304,-0.9245328546539575,1.1007238291759733,-0.23396006376504738
2020-03-02,-0.23021329984926564,-0.02841509743238576,-0.012520732298806946,-0.060307176253091545,-0.11712246052386213,-0.8444460683814123,1.1007238291759733,-0.3117775500374747
2020-03-03,-0.30923253670798556,-0.16664776157664327,-0.04068405985236797,-0.07084409083419431,-0.20839448146160838,-0.9175766993873717,1.1007238291759733,-0.31639133410466713
2020-03-04,-0.31391757234051854,-0.600305080892191,-0.06669936052231372,-0.08123545040265738,-0.34393106695736125,-0.9688848007035837,1.1007238291759733,-0.16403114525098342
2020-03-05,-0.1592044554361707,-0.08636730643833407,-0.0725963919236451,-0.08238050441714091,-0.3278554404873165,-0.8917142917376676,-0.40860838607883515,-0.12531547894801698
2020-03-06,-0.11989089556317277,-0.46628422452242313,-0.07344921023833496,-0.08123466028707892,-0.45725421407193345,-0.8336619886727593,1.1007238291759733,-0.24829288426943588
2020-03-07,-0.24476746489033163,-0.4230924453899123,-0.08845942145148299,-0.0872679826296671,-0.47092561017165707,-0.8938878003360491,-1.917940601333644,-0.6762464314149911
2020-03-08,-0.6793299819579901,0.4230928038729097,-0.15158955857338263,-0.11789137554471536,-0.14630757390894003,-0.9966953982696648,-1.1632744937062394,-0.7281214122748217
2020-03-09,-0.7320060782437801,1.4620547477708905,-0.21471350917134818,-0.1503232503928846,-0.059400368203045915,-1.151785729162134,0.7233907753622713,-0.7458293161240154
2020-03-10,-0.7499874486986449,0.6667141995555027,-0.27387591777325543,-0.1825105674580144,-0.05852319885645886,-1.2668528731055935,0.3460577215485691,-0.7257894453278163
2020-03-11,-0.7296380982773363,0.486463318482524,-0.3250835478208026,-0.212273073027492,-0.07729300493891306,-1.1608563313370355,0.3460577215485691,-2.297745796881911
2020-03-12,-2.3258704777217822,5.270381349894381,-0.553419070217046,-0.3320615992145313,1.906158430251769,-1.5075895579676635,1.1007238291759733,-1.9072792452822982
2020-03-13,-1.929373875168458,8.977511530363797,-0.7147992152050129,-0.42450058044716643,2.873749847986759,-0.9743058367550897,-1.917940601333644,-2.1111583512254097
2020-03-14,-2.136401525826085,1.9874775700246992,-0.88441542574639,-0.5251420479887198,2.76900987541471,-1.1558365253289404,-1.917940601333644,-2.016254818956323
2020-03-15,-2.040032379836885,2.0666814254403576,-1.0268895569405823,-0.6163311965336271,2.837014177070435,-0.9703201335568935,-1.917940601333644,-2.1829177384183054
2020-03-16,-2.209269107202087,4.368506700832199,-1.1750913486881742,-0.7136128389987444,2.948442476957187,-1.2716691607275605,1.1007238291759733,-2.0406577246856283
2020-03-17,-2.064812144388959,2.3347452709201537,-1.2927074845619415,-0.7988266506292873,2.849843639926446,-1.0726632399557106,0.5976130907577039,-2.0003372639245076
2020-03-18,-2.0238690069046448,1.9932081053570336,-1.3944536857545693,-0.8783596518915158,2.6465893309518265,-0.8908441671184835,-1.917940601333644,-1.61451960127086
2020-03-19,-1.6320930869941017,3.624002158659143,-1.4418388946815524,-0.9323914500825917,2.913285011274171,-0.6269601534263793,1.1007238291759733,-1.5914556959175772
2020-03-20,-1.6086730012614696,4.158282819747032,-1.4820408332736092,-0.9829663585394675,3.213086339572497,-0.3361900327442143,1.1007238291759733,-1.602177728891119
2020-03-21,-1.6195606166770748,1.7767825777539963,-1.5196554380452292,-1.032179949599068,3.091419778599612,-0.507118115008047,1.1007238291759733,-1.7881282717470404
2020-03-22,-1.8083828299582807,1.5186284032406407,-1.5752174914073926,-1.0902510588589571,3.027041112682056,-0.6650553460734588,-1.1632744937062394,-1.4615927193741403
2020-03-23,-1.4768045254957574,2.7190194405004413,-1.5876808651547476,-1.1271017135512216,3.117754955753563,-0.44671195192558627,-0.40860838607883515,-1.3224720848002274
2020-03-24,-1.3355354238847663,2.362360607124639,-1.582849536123799,-1.1544365034196544,2.917400434480855,-0.2463163653778886,-1.917940601333644,-1.3562179032655985
2020-03-25,-1.3698023855927206,1.8622059966677365,-1.582385504025365,-1.1826570213228615,2.7606101997100887,-0.4215431402318146,-1.917940601333644,-1.326163112053982
2020-03-26,-1.3392834523907935,0.5677260457123748,-1.5784858509324995,-1.2080272975299353,2.4646389866742933,-0.31145729720679644,-1.917940601333644,-1.5158548319904752
2020-03-27,-1.53190461847838,0.5647858165628267,-1.596920547570026,-1.2434071590701379,2.3867197851868456,-0.421395185963543,-1.917940601333644,-1.5772683099109588
2020-03-28,-1.5942665166914292,0.8347188246545859,-1.6207101559610357,-1.2809623267860006,2.1591641349262183,-0.5449166708790699,-1.917940601333644,-1.7554155397141058
2020-03-29,-1.775164908837611,0.0482672065036444,-1.6628603932967625,-1.327379515778864,1.9879537565857675,-0.6288622698801278,-0.40860838607883515,-1.498166988072008
2020-03-30,-1.5139436177436563,1.5126620488305351,-1.6712114789961712,-1.3570527814532434,2.0449752962952763,-0.4712252788659522,-1.917940601333644,-1.4901129258851475
2020-03-31,-1.5057651751068644,0.2860879798430795,-1.677834704907165,-1.3850951530609144,1.7570404126772974,-0.37531204801767876,-0.40860838607883515,-1.373524608500254
2020-04-01,-1.3873763616447568,0.9490992454085754,-1.670328277360019,-1.405274239619686,1.6969539171748351,-0.24603470420580983,1.1007238291759733,-1.2977131153005192
2020-04-02,-1.3103940968001817,2.3139294287055643,-1.6547591144000273,-1.4202639723147998,1.715205613986881,-0.04807627910095616,1.1007238291759733,-1.3277979964082263
2020-04-03,-1.3409435845823212,1.122459993650594,-1.644156027271464,-1.4364111726659818,1.6050672403809845,-0.18607748847293265,-0.40860838607883515,-1.2661688742324284
2020-04-04,-1.2783627118777519,0.30330040115532825,-1.627427193017254,-1.4483498876771526,1.4361245217223424,-0.08929808504967365,-1.917940601333644,-1.3084000433952891
2020-04-05,-1.3212460652055396,-0.3107645728100405,-1.6171812053241035,-1.462270355094987,1.2019103488936478,-0.15517645848781278,-1.917940601333644,-1.0290053282306653
2020-04-06,-1.037536603075424,1.49059386239623,-1.5755620476809111,-1.4594365252779822,1.2195892750182553,0.001350016678521293,1.1007238291759733,-1.095493968625061
2020-04-07,-1.10505204048426,1.109414587662308,-1.5456048307515768,-1.4605710008245538,1.1049061214899367,-0.13599472340189273,-0.40860838607883515,-1.0132683125753918
2020-04-08,-1.0215565576244565,0.3841452411702688,-1.5089804019419102,-1.4568908681315802,0.9271994854698665,-0.0351470467993868,-0.40860838607883515,-1.052254787943172
2020-04-09,-1.0611451087193644,-0.010141095042663022,-1.4803579599311592,-1.455616758754475,0.7582933308318928,-0.11615342502908726,-0.40860838607883515,-1.265200982574854
2020-04-10,-1.2773798728809267,1.1381199613246011,-1.4791168768379097,-1.4667461636752406,0.7859388546221737,-0.25494268502281586,-0.40860838607883515,-1.256219148591873
2020-04-11,-1.2682593306875927,-0.4218253460100236,-1.4769540542371207,-1.4769180623582814,0.5768569544465488,-0.19465311203672528,1.1007238291759733,-1.2426987552819249
2020-04-12,-1.2545301393122552,0.3264293782120976,-1.4734317917532738,-1.4859067107220514,0.5171265446111776,-0.09670981661479108,1.1007238291759733,-1.275737461189172
2020-04-13,-1.2880790683852235,0.9205040084775763,-1.4740702820397065,-1.49645952225599,0.4185568649784526,-0.22454818100584284,-0.40860838607883515,-1.2602963295121208
2020-04-14,-1.2723994763063424,0.19995525930100497,-1.4728601531266416,-1.5057027188041447,0.2606282461451851,-0.13296931685107355,-0.40860838607883515,-1.384397090954248
2020-04-15,-1.3984167499614228,0.0024142288398640486,-1.4861339530945707,-1.5217828372047453,0.17988062820286635,-0.21460750846406765,-0.40860838607883515,-1.1433268734434159
2020-04-16,-1.1536236381615477,1.6739230387603792,-1.4702319039559448,-1.5232472675544957,0.35372078441043825,-0.048855532862471567,-0.40860838607883515,-1.1806333296128162
2020-04-17,-1.191506225194609,-0.19374693066006307,-1.4601637650670953,-1.5268185114720967,0.1697228853827772,-0.12062248070366413,-0.40860838607883515,-1.0697771374331417
2020-04-18,-1.0789380592629207,-0.3159504846409758,-1.4382193054701982,-1.523818657538805,0.06430043115215303,-0.055005065378361945,-0.40860838607883515,-1.1338987060017607
2020-04-19,-1.144049869695066,-0.41669871830478483,-1.4257889406686601,-1.5246562998743265,-0.07664701892860111,-0.11555262187497027,-0.40860838607883515,-1.2812940620005304
2020-04-20,-1.293721480864405,0.7554045690226299,-1.4316082016759237,-1.5340118721929459,-0.04419773214659464,-0.2350828460366517,0.3460577215485691,-1.2740022771812929
2020-04-21,-1.2863170875929881,-0.03609858360766805,-1.4360289873252756,-1.5425775443781324,-0.19796548545916215,-0.1553827046605342,0.3460577215485691,-1.1316921136217986
2020-04-22,-1.1418092004795062,0.00017460631354810008,-1.4235517397879254,-1.5425515340680422,-0.2393967036551355,-0.07385722565967849,-1.917940601333644,-0.9525318573169416
2020-04-23,-0.9598821374661809,1.0880301448110374,-1.3915192050107201,-1.5321330025794775,-0.03796536296630818,0.06241140570844632,0.5976130907577039,-0.9411929814735469
2020-04-24,-0.9483681531562265,-0.03419068870024987,-1.3612245460748067,-1.5214652439866037,-0.16060575723993245,0.14220755516545544,1.1007238291759733,-0.924307534784157
2020-04-25,-0.931221941227161,-0.4638738637141009,-1.3318600559564953,-1.510236261248957,-0.2454351000446503,0.20038115216923702,-0.40860838607883515,-0.8468611572301776
2020-04-26,-0.8525795441910577,-0.28870402744082524,-1.2963252599083215,-1.4949547698488155,-0.35828659818070935,0.26736965702846716,-0.40860838607883515,-0.8059790184087029
2020-04-27,-0.8110660545427829,0.1043818710980013,-1.259441299810199,-1.477900875986208,-0.4845511443264256,0.3541390649317831,1.1007238291759733,-0.8238524166863941
2020-04-28,-0.829215475188815,-0.3998912734422945,-1.228139521974247,-1.4625526434732141,-0.6429624166418191,0.29274572462543036,1.1007238291759733,-0.3024998320762715
2020-04-29,-0.2998115411425649,3.216285991838409,-1.1394554354220832,-1.417561315765474,-0.08102909820881747,0.5361126064049582,0.3460577215485691,-0.38202241246048735
2020-04-30,-0.38056220421330794,3.8151958353957016,-1.0684247640421167,-1.3789476605726572,0.3245873110695924,0.2626073290152953,0.3460577215485691,-0.27823233087937316
2020-05-01,-0.2751692722014461,0.7901669359360937,-0.9921418583604343,-1.3358271403081305,0.31360186852703753,0.38388685928942873,0.3460577215485691,-0.20546994715013112
2020-05-02,-0.20128320481837156,-0.06528270952058661,-0.9146993911180114,-1.2901764902816804,0.18420153516851748,0.4621183905347132,0.09450235233943435,-0.24453164725813728
2020-05-03,-0.24094814236380974,0.7547874871453791,-0.8491550526038294,-1.2485821301897366,0.21002594884645803,0.34261922680783735,0.09450235233943435,-0.25566490881158155
2020-05-04,-0.25225333704231484,0.6044018407183216,-0.7911420672930543,-1.2092647902337295,0.1960883937338232,0.23068777218758368,-0.40860838607883515,-0.1805053633604715
2020-05-05,-0.17593308810233668,0.39525429587080235,-0.729951978974025,-1.1671291107543087,0.13927598371177988,0.33209447883072757,-0.40860838607883515,-0.11977893806738499
2020-05-06,-0.11426885280413213,1.171073503691811,-0.667558469538131,-1.1231229168027659,0.16880861069379616,0.4725420282316544,0.3460577215485691,0.30322482117130134
2020-05-07,0.31526743581862365,2.25740399099138,-0.5621308273665662,-1.056302934258135,0.5483640396433626,0.6676559819226996,0.3460577215485691,0.20975055896650863
2020-05-08,0.22034963238950236,1.0329678393190458,-0.47756658329955987,-0.9975260223811477,0.44893445516807245,0.5341582042841446,-0.40860838607883515,0.07905509529790435
2020-05-09,0.08763581323791998,0.5393782211992829,-0.4161883054302201,-0.9486360630029788,0.3966034873516143,0.4254988768716168,0.3460577215485691,-0.33048343544033276
2020-05-10,-0.3282273007398873,3.2246724560019504,-0.40807291368741844,-0.9254217265418981,1.0201463467938707,0.18170996481737933,-0.40860838607883515,-0.4113500311832528
2020-05-11,-0.4103427350601076,2.8279185827350246,-0.41009334135172687,-0.9078090326811775,1.2895993592929214,-0.04211346829309374,1.1007238291759733,-0.28634155787573207
2020-05-12,-0.28340373156862636,0.6598461994648025,-0.39744757180729384,-0.8836349738797439,1.2121238353970847,0.0726080585753595,0.3460577215485691,-0.036304551329964206
2020-05-13,-0.02950535486552297,0.8164482475699035,-0.3570562876282086,-0.8459036360215432,1.238470414427912,0.19521013089770053,0.3460577215485691,0.20572352787307793
2020-05-14,0.21626041107110594,1.7939541588907655,-0.29248921125432953,-0.7956112953112192,1.3117410668939145,0.3670023215936953,1.1007238291759733,-0.03276898853934388
2020-05-15,-0.02591519169059278,1.4336484295871113,-0.2616846056248734,-0.7611267594454793,1.3882336743490602,0.2133414579353424,1.1007238291759733,-0.00024682584831507796
2020-05-16,0.007109217088733207,-0.04985460864930375,-0.2300482793501522,-0.7261078651181341,1.25222105674409,0.29234936366355974,1.1007238291759733,0.14958581173377644
2020-05-17,0.1592557492552588,0.18886622946070694,-0.18407696078487057,-0.6837700891716175,1.250987744282692,0.38337020618887974,0.09450235233943435,0.17661155340562706
2020-05-18,0.186698854715827,0.540851629336596,-0.13935475899906763,-0.6415247862964031,1.1992038808535017,0.4921036838829773,0.09450235233943435,0.1974738813616302
2020-05-19,0.20788336366293517,0.44950559452326416,-0.09647632504932913,-0.599725885370408,1.1115836893051503,0.5962404352944832,0.09450235233943435,0.06502818873710174
2020-05-20,0.07339228642901141,0.35422889043374683,-0.0730164257748238,-0.5672496678161603,1.0888612921910983,0.4968982085904834,-0.40860838607883515,-0.15702521444460488
2020-05-21,-0.15209033067676964,1.2502106974016864,-0.07750066874113029,-0.5489289089279396,1.2241521069894439,0.35246831321321276,-0.40860838607883515,-0.10619836496525618
2020-05-22,-0.10047855226837052,-0.06683621709884056,-0.07567298858141583,-0.5283780166318748,1.080572300244223,0.43062167333782325,1.1007238291759733,-0.10160965581147206
2020-05-23,-0.09581897878601402,-0.4730465671268817,-0.07348808164320712,-0.5083668390162496,0.884286404726356,0.4883336798528734,1.1007238291759733,-0.33170207623199366
2020-05-24,-0.32946476123848056,0.23450473033196717,-0.09815190355320332,-0.5024886587646816,0.9296199306179181,0.3950162236432731,1.1007238291759733,-0.24142737297814523
2020-05-25,-0.2377959281719201,0.03568000093574274,-0.11001457223715973,-0.49160393072588887,0.806736880160342,0.47832841261463,1.1007238291759733,-0.27110102550595044
2020-05-26,-0.26792783669116005,-0.08378778825802445,-0.12418314834415688,-0.48286749866417944,0.6804533958202762,0.40102809192209754,1.1007238291759733,-0.0891123189685972
2020-05-27,-0.08312864313789063,0.19578534564200792,-0.11593125509036244,-0.4639160450139163,0.623605166411278,0.49239710705988743,1.1007238291759733,0.09735476710354239
2020-05-28,0.10621809043695764,0.3328088771070577,-0.08687565793962929,-0.4348903566937225,0.6354034413263383,0.5906614336513692,-0.40860838607883515,0.022721794834014715
2020-05-29,0.03043254665069308,-0.10817095392953073,-0.06922844186243567,-0.41133257880612395,0.49455680027723004,0.5145881207392103,1.1007238291759733,0.15845230111507694
2020-05-30,0.16825916555777892,-0.15320291232366406,-0.037546715268314296,-0.3808245641817529,0.4481430965352886,0.588395331446796,-1.1632744937062394,0.03335355811928581
2020-05-31,0.041228498325661944,-0.34637641537348574,-0.023366523132455068,-0.35877023787908185,0.3480548535225329,0.5243090206364389,-0.40860838607883515,0.41073100491957937
2020-06-01,0.42443385848668996,0.39969032938292653,0.033156824306205576,-0.3156881636160762,0.6594033854759618,0.6259389598417852,-0.40860838607883515,0.06834309228972653
2020-06-02,0.07675838268238631,1.2513170709296868,0.044654516698733444,-0.29415837427970726,0.9514576521424293,0.48145338655828085,-0.40860838607883515,0.14266513563298647
2020-06-03,0.152228195806458,-0.40121159679280854,0.06366237202950856,-0.2691612800381547,0.819336497450853,0.5427802885031666,1.1007238291759733,0.2042591529300123
2020-06-04,0.21477342150078005,-0.10601722751422413,0.08799145584587448,-0.2415712387284415,0.7641707610477689,0.6189619787591166,1.1007238291759733,0.120057593703741
2020-06-05,0.12927152120704388,-0.3607558459324465,0.10025442917687409,-0.2199479059837221,0.6131722005476308,0.5555992659149375,1.1007238291759733,0.1426952255290766
2020-06-06,0.15225875038666992,-0.7569081829373044,0.11397053862688064,-0.19785928059390723,0.4288487136219909,0.5990267717466523,0.3460577215485691,0.18316112078796812
2020-06-07,0.19334956834201017,-0.09292860998543062,0.1310655886188062,-0.17428934651811812,0.40025417346594006,0.675867104986427,0.3460577215485691,0.20072359013939198
2020-06-08,0.21118325832584986,-0.5484464895528437,0.14856596268553868,-0.15062488016059383,0.20778833803427244,0.7297848403441471,0.3460577215485691,0.19591923673029327
2020-06-09,0.20630471035197262,-0.40723591790359537,0.16384337510470956,-0.12816714482667718,0.11754392050798114,0.6687610995854455,-0.40860838607883515,0.25237289677854435
2020-06-10,0.2636301952600481,-0.37807445170094306,0.18420213361518104,-0.10331508489295878,0.022079622641017586,0.73125230811626,-1.917940601333644,-0.05083295615894087
2020-06-11,-0.044258124677968726,0.8678992276094611,0.1675160748178553,-0.09702735663335031,0.28888424820022196,0.6060611147064766,1.1007238291759733,0.04180881892068446
2020-06-12,0.049814335365282486,-0.29933696474076416,0.16314544743564133,-0.08561182144829348,0.2039760131153614,0.6725145490422123,1.1007238291759733,0.04592611970238647
2020-06-13,0.05399522042431558,-0.8884707242281868,0.15966778106407925,-0.07440509924134237,0.01082442712979791,0.709321559880482,1.1007238291759733,-0.019890513012657304
2020-06-14,-0.012837831359781737,-0.8279816816124302,0.14890091623130422,-0.0674560462480532,-0.1102263444249745,0.6694706257537181,1.1007238291759733,0.022195221652433275
2020-06-15,0.02989784149698039,0.6489152606263621,0.14403225259926564,-0.058338004852129505,-0.0023560035455755454,0.7836420912374386,1.1007238291759733,0.07212940421443344
2020-06-16,0.08060316735908464,-0.24839530121219094,0.1454087685066447,-0.04668072503984087,-0.1351549948613367,0.8526590158456105,1.1007238291759733,0.0418138339033663
2020-06-17,0.049819427795317964,-0.35394844739245834,0.1431441795148645,-0.03723927663245932,-0.1873859184124014,0.7889537391115253,1.1007238291759733,0.0022857404059589523
2020-06-18,0.009680894256590898,-0.6349409750041689,0.13651860988230136,-0.03046120613289894,-0.31133530409753835,0.7393885863277679,-1.1632744937062394,-0.03587326281933592
2020-06-19,-0.029067405882482425,-0.42549595558815384,0.12610590759547252,-0.02616264294715728,-0.4178934349143815,0.6792837254177444,-0.40860838607883515,-0.011440267193939585
2020-06-20,-0.004257086750195742,-0.8207737858677362,0.11951380103190314,-0.020615230777700975,-0.5158670582323291,0.7194973742012387,-0.40860838607883515,-0.04366654590674616
2020-06-21,-0.036981042157435265,-0.9791846585190911,0.1098182796751012,-0.017154892404401694,-0.6596677785246129,0.6872552883114412,-0.40860838607883515,0.15241927694895455
2020-06-22,0.16213297222523843,-0.09444048693319537,0.12374941980119933,-0.0024548173105236448,-0.5641445193954884,0.7640195407084018,-0.40860838607883515,0.12192818224402663
2020-06-23,0.13117099761023387,-0.5387931894944159,0.1328234539033078,0.009899918457704902,-0.7029106397178215,0.7096160375400186,1.1007238291759733,-0.04276384902403486
2020-06-24,-0.03606440475107039,0.0024189715699197843,0.12196486293034714,0.012215952049249973,-0.6301519300767406,0.6279776119434676,-0.40860838607883515,-0.0663342676281728
2020-06-25,-0.05999882591727413,-0.14881983929716205,0.1094113848869673,0.01307378098732226,-0.6458125739138124,0.553949840387486,1.1007238291759733,-0.11010503647432544
2020-06-26,-0.10444555526591835,-0.2947726140321322,0.09298559345169863,0.01135871618056823,-0.7094955090203497,0.48726671666376814,0.5976130907577039,-0.1854350913366135
2020-06-27,-0.180938946827098,-0.400202712715954,0.0694022718958709,0.005340821141234561,-0.6986784389930983,0.425889051976234,-0.40860838607883515,-0.13310374705274536
2020-06-28,-0.12779943940809013,-0.8113117759215559,0.054124027284392175,0.002594796088644293,-0.7646583392911602,0.4665788501211855,-1.917940601333644,-0.09488456403527024
2020-06-29,-0.08899003010859298,-0.5100928220471815,0.04472596063233738,0.0021736501030611964,-0.8446376105839358,0.5224266205160225,-0.40860838607883515,-0.12197048549930205
2020-06-30,-0.11649424472958594,-0.7908922151516227,0.033086876152777375,0.00019769659606087308,-0.9651759046395407,0.4807092592166271,-0.40860838607883515,-0.07510547233852104
2020-07-01,-0.06890548604912303,-0.6057842515315723,0.02798241753468903,0.0010179898223192977,-1.0317361899593696,0.5317416321466396,-0.40860838607883515,-0.14805341042698664
2020-07-02,-0.14297997334350548,-0.41510964025111297,0.014918013714689368,-0.0024257803491785014,-1.0239890774922158,0.47111411770484807,-0.40860838607883515,-0.16223578145092357
2020-07-03,-0.15738136548351098,-0.8572835853217327,0.0014557705028632956,-0.006557256049064082,-1.164944805810243,0.4327377114801775,-0.40860838607883515,-0.12352011514795715
2020-07-04,-0.11806780561051303,-0.92319304142118,-0.006241763259414373,-0.008280719028505428,-1.256379246609811,0.4677974147811813,-0.40860838607883515,-0.15664407576079317
2020-07-05,-0.15170330599408197,-0.7221097185784164,-0.0170413687591822,-0.011858200250727032,-1.2766651416080546,0.42261877434574413,-1.917940601333644,-0.018837366649493512
2020-07-06,-0.011768421052355427,-0.18487749848584586,-0.010856854984785655,-0.007300871132203399,-1.2532431376781894,0.4948320537629091,1.1007238291759733,-0.06237243130960511
2020-07-07,-0.055975806189337944,-0.7085747574543785,-0.010301934865674855,-0.005447840398889998,-1.321648995567115,0.4489723151947924,1.1007238291759733,0.027230264264891203
2020-07-08,0.035010641252483855,-0.14068078755152694,0.0005745468921348284,0.0015306022512786381,-1.345620906120127,0.5234096589106211,1.1007238291759733,-0.07488982808320643
2020-07-09,-0.06868651155760229,-0.3540000904530653,-0.0014085316155352183,0.002311134738102048,-1.3414710906657645,0.45970698163480933,1.1007238291759733,-0.04685105990964583
2020-07-10,-0.04021473522989064,-0.6108705660313374,4.364912762502165e-05,0.004687658214072274,-1.3934257364612863,0.5104834076950763,-0.40860838607883515,-0.07408743085412922
2020-07-11,-0.06787172275194411,-1.0254410317226115,-0.0017959642467685526,0.0053909336845091105,-1.4868226016332275,0.4805690388573705,-0.40860838607883515,-0.039624469865270844
2020-07-12,-0.03287654354893335,-0.8064499506444287,0.0005298264614943303,0.008065913561320633,-1.5315421381738863,0.5215035019213572,-1.917940601333644,-0.0697795607305218
2020-07-13,-0.06349732535156764,-0.4937625485252981,-0.0008573141650136942,0.008886618909479163,-1.6012337068286842,0.46483396375353797,0.3460577215485691,-0.06314473864259128
2020-07-14,-0.05676004041478329,-0.41386124830644405,-0.0013441508291970627,0.010060042603185906,-1.6510268220592113,0.525524305747789,-0.7104748291297969,-0.09235701276367712
2020-07-15,-0.08642344537076983,-0.5908960314316332,-0.005166888010919334,0.00949277151670932,-1.7292529055139003,0.4737427253890679,1.1007238291759733,-0.1243927221345783
2020-07-16,-0.118953888436666,-0.47701807657854767,-0.012334724883475857,0.007089273545514179,-1.7620908144973144,0.41623056787370544,1.1007238291759733,-0.11406185781021129
2020-07-17,-0.10846348256381906,-0.880708983006985,-0.017623778817053192,0.00537935005669793,-1.844327726496273,0.45342815754463167,1.1007238291759733,-0.10605794545016738
2020-07-18,-0.10033596422738003,-1.025620991979726,-0.021482401500241895,0.004200809661517841,-1.919944865118782,0.4833334776440449,1.1007238291759733,-0.08664494748918528
2020-07-19,-0.08062316756049225,-0.9334676391169082,-0.022725853673030004,0.004194683820121834,-1.9694831749729642,0.5178761430929014,1.1007238291759733,-0.11082217899781227
2020-07-20,-0.10517377276097441,-0.6856141473145873,-0.026650178648592274,0.0027862156443272243,-2.0410140617844195,0.4708609691323294,1.1007238291759733,0.0041312540328362814
2020-07-21,0.011554908509604446,-0.02809206481859002,-0.01689117911223249,0.008101721925327248,-1.9845770082606133,0.550964017382748,-1.0123412721807585,0.0684032720819068
2020-07-22,0.07681949184281014,-0.3336972535395034,-0.0006200424455579817,0.016937359873931204,-1.9333908481769875,0.6156883801571883,-1.0123412721807585,0.11108578968612369
2020-07-23,0.12016116387378067,-0.25356540394294036,0.019043344594556182,0.027902623394411286,-1.9233547995913765,0.6844451431764658,1.1007238291759733,0.07825269806882713
2020-07-24,0.0868210244322618,-0.46237964026154355,0.03303253541351437,0.036533145603146064,-1.9457029333046663,0.6261963557628023,1.1007238291759733,0.1598063464391448
2020-07-25,0.16963412166732716,-0.5480541603832337,0.05513189587208235,0.04955635009189699,-1.9371699246780325,0.6801338223915695,1.1007238291759733,0.2757126261793231
2020-07-26,0.28733036464462564,0.10011156965282454,0.08854645744743193,0.06879285814583051,-1.7768817936700203,0.7666883395189671,-0.40860838607883515,0.826568353906071
2020-07-27,0.8466930645889122,2.337353772450804,0.1825580536516445,0.11923153221416673,-0.9855646150822747,0.9658255345545481,0.022629389708252994,0.764538033115735
2020-07-28,0.7837047974815142,0.9429595178664324,0.2604341478349498,0.1640936827174055,-0.756600417863693,0.8368571522111287,-0.40860838607883515,0.8619590866910507
2020-07-29,0.8826303433484662,0.40466914200142823,0.34217311022482594,0.21284817578087567,-0.6365155031871604,0.9387376452483118,-0.7859414398925373,0.8614977082843314
2020-07-30,0.8821618397852128,-0.01804669907555525,0.41607399005113693,0.2596639622075102,-0.6462299073161067,0.8581291013317294,-0.7859414398925373,0.9797760748329675
2020-07-31,1.0022668021692367,0.22617307104906897,0.4966312387578989,0.3115054636839417,-0.5636167865530278,0.9510272971455904,1.1007238291759733,1.2133288333038845
2020-08-01,1.239426361346104,0.6220284604554377,0.5965576571044611,0.37486295339607617,-0.38768749054177687,1.0638457503160215,0.3460577215485691,0.8473253672257581
2020-08-02,0.8677706325052783,0.9504780624297767,0.6445905301939013,0.41450304565662627,0.3848558584759205,0.9344990279278748,0.3460577215485691,0.9217778001187432
2020-08-03,0.9433728488102695,-0.11983069228653476,0.6966691220120688,0.4569077990932694,0.4273136708701364,1.0099855966264604,1.1007238291759733,0.9078160883328027
2020-08-04,0.9291955235918202,-0.07511017316606088,0.7421713280621176,0.4968396666859993,0.3896274953688357,0.932248595590317,-0.40860838607883515,1.1851145407364632
2020-08-05,1.2107763499671544,0.35545462266814914,0.8154462587398909,0.5512923657154074,0.5271256152914745,1.031652502043865,0.022629389708252994,1.1939158353429016
2020-08-06,1.2197135646792152,0.05399695138096986,0.8827616592142641,0.6041202502213564,0.4333460542187139,1.1158864301318288,-0.40860838607883515,1.109548781688133
2020-08-07,1.1340436141943122,0.11267084581039809,0.9338978529486697,0.6499821060694441,0.5045321264764593,1.028699908522854,-0.40860838607883515,1.19338926216132
2020-08-08,1.2191788595255026,-0.5169995544333368,0.9898711813292532,0.698909256832408,0.38631083478411243,1.0842001148587042,-0.40860838607883515,1.1534048052398753
2020-08-09,1.1785769148535576,-0.5266191284113685,1.0358842219155697,0.7435980959711325,0.26318068803810774,1.0291839903617945,-0.40860838607883515,1.259341299408771
2020-08-10,1.286149406920555,0.6184674606385951,1.089780645013551,0.7926800765158594,0.3651072590987104,1.14182325028857,0.19512450002308832,1.0081709067769316
2020-08-11,1.0311001410294596,0.7711817875230147,1.109462975685646,0.8252662415436302,0.5814997092859427,1.0214990794058951,1.1007238291759733,1.0945539834697562
2020-08-12,1.1188172483885785,0.09037158302837812,1.137272434789848,0.8615858192725695,0.5660032204084586,1.1075634659177571,1.1007238291759733,1.202712114966659
2020-08-13,1.2286456869612417,0.22798663832537874,1.1749561772360084,0.9027556275573886,0.5864217672465198,1.2005529249025582,1.1007238291759733,1.1929529586680099
2020-08-14,1.2187358181124266,-0.04376230840771815,1.2079210537239073,0.9417447801301579,0.41160513824199396,1.1212384355659446,1.1007238291759733,1.2390205895823947
2020-08-15,1.2655148804172658,-0.13811470710637488,1.2430802369957539,0.9818774465200317,0.30237868493213815,1.1958049061566687,-1.1632744937062394,1.2684083880973414
2020-08-16,1.2953565204244903,-0.5299082117050159,1.2782935151645984,1.0221411436357228,0.16665154239572946,1.2506555165750124,-0.40860838607883515,1.454027942096268
2020-08-17,1.483842633323362,0.6127200622660625,1.3316446170260956,1.0715941336811317,0.32657934468218947,1.3630055603258975,0.49699094307404995,1.2854643441979101
2020-08-18,1.3126758749747582,0.38058002559337695,1.3603979711115488,1.1093289886422346,0.39395320452116184,1.2623372931860455,0.19512450002308832,1.1899690439723793
2020-08-19,1.2157058222413855,0.328313295984234,1.375356239700433,1.1400441206291356,0.3865191848163401,1.1642991909932798,0.5976130907577039,1.2395973125907935
2020-08-20,1.2661005098713323,-0.40562207225963237,1.3946359891325582,1.1724337994590415,0.2285280949044965,1.2254041478755577,-0.40860838607883515,1.0780095556027243
2020-08-21,1.1020173217019178,0.07821701983555984,1.3933705607900297,1.1941791789004965,0.19063860890717024,1.1399514141670954,-0.40860838607883515,1.1440167576596734
2020-08-22,1.1690438858273584,-0.4690310556796989,1.3998681187821576,1.2189010436864927,0.10300315595800945,1.1978654957608492,-0.40860838607883515,1.1365795383426656
2020-08-23,1.1614918120849158,-0.6212911344187808,1.4048857629547729,1.2422219716101082,-0.044886004486817004,1.1476134534311677,1.1007238291759733,1.1867644700387532
2020-08-24,1.2124517594487891,-0.40227212393026995,1.4152360658679943,1.2675397086015145,-0.1595433870800808,1.208886983375322,1.1007238291759733,0.9712305443432976
2020-08-25,0.9935893013889794,0.2137170810127088,1.3996455999887163,1.2793609230907557,-0.006656160786083656,1.1166155957955506,-1.917940601333644,1.0429498116747395
2020-08-26,1.0664161433246986,-0.19712691627977846,1.393843766106903,1.2948791772680712,-0.08896436171196538,1.188212457688924,0.09450235233943435,0.977228463630648
2020-08-27,0.9996798477112725,0.04653900836833787,1.380985115334232,1.3059762102522081,-0.05677278576555414,1.1043538269710849,-0.40860838607883515,1.075787918274717
2020-08-28,1.099761375196252,-0.4090826842902951,1.380762543807167,1.3223557495875755,-0.15418185097382026,1.1652846307337974,1.1007238291759733,1.045161419037383
2020-08-29,1.0686619049702935,-0.7510891166439293,1.3770151613387687,1.336316233093898,-0.3095855768747287,1.1215642996488249,1.1007238291759733,1.1681889741856195
2020-08-30,1.193589398597806,-0.48222691160475245,1.3878690925942092,1.3568663873862568,-0.3919446967550744,1.178814334937078,1.1007238291759733,1.137271605952745
2020-08-31,1.1621945674297964,-0.16141442244515056,1.3941096303838978,1.3748170582731722,-0.48752505617499375,1.1054203508274556,1.1007238291759733,1.2739098240992004
2020-09-01,1.3009429161732826,0.43918831225703453,1.415576126021715,1.3999905111150543,-0.38348107085547284,1.2090379194350036,-0.40860838607883515,1.006395602907599
2020-09-02,1.0292974207969416,0.6782656455762343,1.4040247667812764,1.4086575907850347,-0.12343230437392815,1.0933894937127473,-0.40860838607883515,0.3806812286906443
2020-09-03,0.39392001771479784,1.5933032149380826,1.3211268527279965,1.3806855060186483,0.5650430798090627,0.931694477057727,1.1007238291759733,0.5338387997907235
2020-09-04,0.5494428309947683,0.8234919921576688,1.2638569224890355,1.36269542517801,0.730216564133826,1.0546509987290749,1.1007238291759733,0.39363994394023855
2020-09-05,0.40707885692617457,0.7515081527968461,1.1958087175186798,1.3372775462404014,0.8767225792998328,0.9353168580149509,1.1007238291759733,0.4385290539244171
2020-09-06,0.45266119817270445,-0.13466621538585458,1.1394386608749065,1.3154605780711381,0.7673121181169343,1.0100568688612201,1.1007238291759733,0.49732471088503677
2020-09-07,0.5123648479072942,0.03004985338958753,1.0952446807242584,1.2979100625692068,0.7816616810882959,1.0930857367561901,1.1007238291759733,0.37355995328258523
2020-09-08,0.3866887670645827,0.31650152678044385,1.0409298758719205,1.273867894864248,0.8280059830803127,0.9956420288897486,1.1007238291759733,0.4199736180020106
2020-09-09,0.43381920704186316,-0.31967695303976246,0.9971617930164738,1.2534611317571576,0.7282115727947355,1.061071921856845,-0.40860838607883515,0.47898491921794495
2020-09-10,0.4937418312679737,-0.08500034624227212,0.9643945664741925,1.2372780292286716,0.6674780779327497,1.1383112289031636,1.1007238291759733,0.5045713608601382
2020-09-11,0.5197234093083926,-0.465037940457779,0.937710486662253,1.2232138925918927,0.47526267833838004,1.1964262560861956,1.1007238291759733,0.5311658140213605
2020-09-12,0.5467285657859202,-0.6877117514242345,0.9166469162212806,1.2112441024518201,0.303804302311722,1.2433358729453607,1.1007238291759733,0.476958866214525
2020-09-13,0.4916844895336868,-0.46484401549550036,0.8913131919937226,1.1965990332230065,0.2529039143036027,1.1852110931574236,1.1007238291759733,0.6469366892291318
2020-09-14,0.6642873131522636,0.14701242717391758,0.8880726361782812,1.1923891253642922,0.30520395661321953,1.2741257615231651,-0.40860838607883515,0.7038768025975106
2020-09-15,0.7221067637737689,0.00902954681259516,0.8917333651878459,1.1916475524262573,0.21846647413355183,1.3560968467443366,-0.40860838607883515,0.7884795604383209
2020-09-16,0.8080160584703346,0.09252952520373435,0.9048409599438731,1.1958430814905079,0.2063148185298095,1.4422698237906064,-0.40860838607883515,0.7814485547185331
2020-09-17,0.8008764715607563,-0.15488025785337306,0.9158861459367579,1.1994661935161837,0.11151813571692627,1.368547017955515,-0.40860838607883515,0.7781386661485902
2020-09-18,0.7975154677374168,-0.3744918461138468,0.9254961827582812,1.2027552076806312,-0.02355016980051364,1.3058755315140487,-0.40860838607883515,0.851989301119768
2020-09-19,0.8725065924381651,-0.6070618903115848,0.9427415784672667,1.210199503670675,-0.10648432857444928,1.3568436085668836,-0.40860838607883515,0.7715640238528408
2020-09-20,0.7908392919610572,-0.5881468289093296,0.9490327274746673,1.2126861920248966,-0.1422721204898701,1.304923678783921,-1.917940601333644,0.5192803050656566
2020-09-21,0.5346595066021107,0.24250308108594912,0.9255147161588901,1.2004397443466006,0.03611318821339885,1.2112037226871497,-0.031275332265133,0.5756436954256373
2020-09-22,0.5918933277695504,-0.46079609539293664,0.9107624015577244,1.1919433328477977,-0.09703216921885822,1.2695321963999304,-0.031275332265133,0.43113696945154406
2020-09-23,0.4451549563005793,-0.2530294754466432,0.8806837401466442,1.1753969120139454,-0.10652322773590281,1.2007484715337342,-0.40860838607883515,0.6793084024397081
2020-09-24,0.6971589490305282,-0.10020685622595116,0.8822035862932547,1.1738964251341422,0.01357005794183405,1.277222549692444,-1.1632744937062394,0.6544090134249115
2020-09-25,0.6718750339049535,-0.35250692094052016,0.8806957752713005,1.1710103041237772,-0.1277098394276863,1.2134447378488282,-0.40860838607883515,0.6754368358094118
2020-09-26,0.6932275930432287,-0.8710527846135231,0.881766216110721,1.169457241676248,-0.27661204588677013,1.251128244711556,-0.40860838607883515,0.6983302317515158
2020-09-27,0.7164745361546583,-0.8149663129144974,0.8853853615164893,1.169293187642211,-0.3972341653000005,1.2916341480257238,-0.40860838607883515,0.6591481720591482
2020-09-28,0.6766873802883715,-0.2999645860181388,0.8841232352336764,1.1668625163699005,-0.4335194355171391,1.2252122905287715,-1.917940601333644,0.7315444620526231
2020-09-29,0.7502017002788639,-0.5165584805381541,0.8913635244559314,1.1687270580694606,-0.5255614102225652,1.2807346891170985,-1.917940601333644,0.6995037376990411
2020-09-30,0.7176661647829332,-0.576603287438691,0.8942045117785622,1.168659716745138,-0.6410215961038578,1.2282338713112009,-1.917940601333644,0.6205378203924967
2020-10-01,0.6374807614461148,-0.016162781303418892,0.8876320689514372,1.1640140029725834,-0.5594124537004496,1.147530516205851,-1.917940601333644,0.5960998097844195
2020-10-02,0.6126653498837936,-0.2990386997172595,0.8788560826225378,1.1581327630329532,-0.6051956169647639,1.0810620635744472,-1.917940601333644,0.5818873488643924
2020-10-03,0.5982334031635762,-1.0323746395790825,0.8692703523093205,1.1516576590234198,-0.7636977824233668,1.0514966011986553,-1.917940601333644,0.6443589881307212
2020-10-04,0.6616698041140867,-1.0082979069661768,0.8678306622535066,1.1490606190129415,-0.865440718871654,1.0822736550868925,-1.917940601333644,0.7073371406479051
2020-10-05,0.7256205404981689,-0.7233715482582431,0.8738198443946396,1.15021894617963,-0.9577929301189311,1.1273887950155521,1.1007238291759733,0.6107736491111659
2020-10-06,0.6275658001672644,-0.3373928941929279,0.8680582797084646,1.145729955521996,-0.9850041389443782,1.062850409373074,0.3460577215485691,0.6442386285463598
2020-10-07,0.6615475857932381,-0.7553525674790257,0.8667200896222325,1.1433583921073889,-1.0983031789371065,1.1063561961904687,0.3460577215485691,0.7742169496914764
2020-10-08,0.7935331874497634,-0.2508393881009092,0.8805585424275884,1.148620203484142,-1.024103404548975,1.1752501354305942,-1.1632744937062394,0.8369393380918918
2020-10-09,0.8572242099020421,-0.34884579682250144,0.9003411932330654,1.1573143542620237,-1.0461736989917902,1.2392121909005311,1.1007238291759733,0.9585927879853339
2020-10-10,0.9807563776998656,-0.4698389006991911,0.9323251050690683,1.1727249833446247,-0.9624895757637377,1.2970856138198128,1.1007238291759733,0.996606356712859
2020-10-11,1.0193569973679137,-0.8546374054356396,0.9656642306007232,1.1897365376350473,-1.0215950725418126,1.3355951828513306,-0.40860838607883515,1.076459925954069
2020-10-12,1.1004437608209907,-0.2280323897179232,1.0050738356804643,1.2107134803755073,-0.8717186423668238,1.405636820439116,-0.40860838607883515,1.0224535774545025
2020-10-13,1.0456033817701718,-0.5078534630058688,1.0344771627843805,1.227734752561768,-0.9164532249472108,1.349676360253725,-1.1632744937062394,1.0211145770784802
2020-10-14,1.0442437029507299,-0.5286732574955049,1.0609251404033913,1.2440108450676821,-0.9510536018905421,1.2947636055568068,-1.1632744937062394,1.0648602710112245
2020-10-15,1.0886649701491977,-0.33512745013630846,1.0899192425078787,1.2621864581710531,-0.9209158858267213,1.359415989346017,-1.1632744937062394,0.9716818927846532
2020-10-16,0.9940476200921619,-0.334151765169844,1.105363589420123,1.274243787918363,-0.9089572712299983,1.2947145046463409,-1.1632744937062394,0.992183141987572
2020-10-17,1.0148654740767242,-1.0305118006071938,1.121710729078482,1.2870176107049907,-1.02028170449893,1.3243737008589571,1.1007238291759733,1.0638673044402411
2020-10-18,1.0876566690021952,-1.0063997610038733,1.144800759490872,1.3034490794684406,-1.1164753708949957,1.3552462728574746,-1.917940601333644,1.1884043693756787
2020-10-19,1.214116984070352,-0.3705975377680881,1.1801109341423899,1.3264608881293027,-1.0432273466191924,1.4181137374890342,-1.917940601333644,1.2679018748464863
2020-10-20,1.2948421849909186,0.01725818345928313,1.2212626434760647,1.3531821249842046,-1.0101205807110776,1.5004989019764974,-0.40860838607883515,1.7046918214772524
2020-10-21,1.7383775637808858,1.399229383632682,1.3090677113794364,1.404194763607973,-0.36641905484468046,1.6524277214813166,-0.40860838607883515,1.7987528366558085
2020-10-22,1.8338911815241454,0.22551857430137862,1.399400997783673,1.4586636248239724,-0.28930798903905675,1.7452929858630397,-0.40860838607883515,1.7759597403673386
2020-10-23,1.8107460870134224,-0.2922774110528132,1.4784920756713882,1.509674166900483,-0.343660032820672,1.6784842962708806,-1.917940601333644,1.8705724036408846
2020-10-24,1.9068198720605714,-0.6726124798368155,1.561005146986958,1.5641730162928826,-0.4010054704576063,1.7261537344888631,-1.917940601333644,1.8289981972093308
2020-10-25,1.8646036270674164,-0.605967373608724,1.6308462709997158,1.6141228306715851,-0.3498114157636834,1.675130575574631,-1.1632744937062394,1.840713196753856
2020-10-26,1.8764995436300236,-0.01391420028699777,1.6953922496369147,1.6627934456572853,-0.294810677364212,1.755947084068772,-1.1632744937062394,2.13357815540161
2020-10-27,2.1738872728351226,0.5089686265369652,1.7876995870379992,1.7265452486396664,-0.0569260114799268,1.8630761434108325,-0.40860838607883515,1.9481391407792255
2020-10-28,1.9855844874175232,0.8684678282461423,1.8497451834902843,1.7770391930202563,0.29165994822901126,1.7378563414824169,-0.40860838607883515,2.0430727629444028
2020-10-29,2.0819841879869356,0.35288142812791395,1.9168733139313154,1.8310603230898255,0.4577749693052515,1.8371307664447813,-0.40860838607883515,2.0954291821416793
2020-10-30,2.13514915755612,0.24182724205300804,1.983670238644776,1.8860003062326092,0.5063868450045552,1.930816709871225,-0.40860838607883515,2.2112251322628587
2020-10-31,2.25273336707264,0.15438868983559023,2.0575126793704084,1.9455033971980187,0.6359052263760147,2.0201025633159118,-1.1632744937062394,2.196430933351751
2020-11-01,2.237710698468321,-0.6638268358935826,2.122609599492453,2.001814784588126,0.5056016891576331,1.9719910139743462,1.1007238291759733,2.0900481057241813
2020-11-02,2.1296849801281765,0.08132904120712665,2.1691895585437018,2.049746344438261,0.6013349023159666,1.8863816692437645,0.3460577215485691,2.327838524561161
2020-11-03,2.3711476426849245,0.33293640384855644,2.2388652658828785,2.109593061001609,0.7826030563753151,1.9846524173891351,0.3460577215485691,2.3882590359106617
2020-11-04,2.4325012397509718,0.8309588936604061,2.3089008207094883,2.170597994718899,0.9211457122884462,2.107984687919297,1.1007238291759733,3.1134305466717147
2020-11-05,3.1688717152944244,2.1674741880696895,2.4562283885235443,2.2712796179741606,1.6327340769737526,2.2985731889228953,-0.40860838607883515,3.108365414163166
2020-11-06,3.163728360958708,1.6109063845099227,2.5889383064289806,2.367719101085727,1.7484704563720022,2.1359923419979823,-0.40860838607883515,2.726414303157133
2020-11-07,2.775878704605429,1.0526609719354436,2.6647859851258837,2.438218690312613,2.244782558455778,2.0015035648344037,-0.40860838607883515,3.055798365693257
2020-11-08,3.1103495093280387,0.10717059637076921,2.7715469380775763,2.5250619952354785,2.4129343557067697,2.0884133058551195,-0.40860838607883515,2.9822335847349377
2020-11-09,3.035648653139306,1.251463568591408,2.859622677585835,2.604232000701035,2.624902314841169,1.9439203592017333,0.7233907753622713,2.966586838767935
2020-11-10,3.0197602714289746,0.005326792064087189,2.937498634318988,2.67938959262372,2.412904645699957,1.8621356085039438,-1.4148298629153742,3.1606817134989886
2020-11-11,3.2168525910876093,0.44766093601658924,3.030430595100552,2.7628597643111577,2.4086572565820656,1.9661795275709832,-0.9117191244971048,3.465402091206357
2020-11-12,3.526278824896306,1.0728215269473333,3.149793136122063,2.860734198446776,2.535995818894384,2.1016828257738833,-0.6601637552879699,3.4798653012604706
2020-11-13,3.5409653931182916,0.3744682274615625,3.259462400625468,2.9556094670030038,2.418891987155378,2.2020435418170754,0.09450235233943435,3.3543653596501404
2020-11-14,3.413527331483345,-0.062272129875211725,3.344156294387111,3.0394835666510867,2.391889920709776,2.123660512445074,-0.031275332265133,3.2974703811258963
2020-11-15,3.3557537127321573,-0.4711879439150427,3.414196668385549,3.1167678638128287,2.2077468957567348,2.0658549701220217,1.1007238291759733,3.6768889258776545
