,Date,open,high,low,close,closeFUT,volume,rsi,ema_short,ema_long,atr,adx,obv,tweet_sentiment,close_nextday
0,2019-09-02,9723.59,10450.0,9712.5,10340.0,10341.07,44740.25,51.38147785818226,10164.518938594334,10452.26534250718,530.6935528774975,19.114750427565067,225053.86324399992,-1.0,10615.28
1,2019-09-03,10340.0,10773.0,10272.0,10615.28,10610.72,47998.38,54.90408063812671,10207.448563490112,10458.658074173565,528.5725848148192,18.42696080932214,273052.24002499995,0.5,10567.02
2,2019-09-04,10611.85,10799.0,10369.89,10567.02,10568.07,43943.89,54.1631741987349,10241.693462205341,10462.907561460877,521.4681144709035,17.842351169326086,229108.350999,0.5,10564.49
3,2019-09-05,10565.92,10900.0,10450.0,10564.49,10565.04,33970.96,54.12194071834077,10272.435989614354,10466.891186501629,516.3632491515533,17.516154871911787,195137.39036,0.5,10298.73
4,2019-09-06,10563.13,10905.87,10150.0,10298.73,10294.96,58799.64,49.830574688655965,10274.940181079652,10460.29663016823,533.4708742121567,16.42395842948766,136337.74940099998,0.0,10455.88
5,2019-09-07,10298.71,10558.0,10288.57,10455.88,10456.05,27637.88,52.242020970577094,10292.172544786354,10460.123428985162,514.6108117684313,15.409776018665251,163975.62679299994,1.0,10381.18
6,2019-09-08,10455.9,10592.5,10208.0,10381.18,10386.6,23984.67,50.98745726347785,10300.64944528289,10457.027608240645,505.3171823564005,14.365441340271193,139990.95477499993,1.0,10303.12
7,2019-09-09,10381.24,10480.0,10068.5,10303.12,10305.24,39835.73,49.645781030498505,10300.884736208327,10450.99201576062,498.6159550452291,13.765042169895883,100155.22716699996,1.0,10098.15
8,2019-09-10,10302.58,10384.99,9953.0,10098.15,10097.72,28915.41,46.2074859200241,10281.57666609325,10437.155073966087,493.8569582562842,13.50582328228149,71239.81494199997,1.0,10158.33
9,2019-09-11,10098.19,10293.0,9880.0,10158.33,10160.4,31953.82,47.36020000126104,10269.838888370085,10426.220757339965,488.0814612379782,13.453446293410439,103193.63950399996,1.0,10415.01
10,2019-09-12,10158.75,10448.81,10040.0,10415.01,10415.0,34511.16,52.077205887719565,10283.664708525312,10425.78111979722,482.419214006694,12.895898669886398,137704.80225899993,0.5,10342.06
11,2019-09-13,10415.01,10439.0,10153.0,10342.06,10341.88,30280.34,50.68703863099614,10289.226164856236,10422.4979386287,468.389270149073,12.378175876614073,107424.46248299997,0.5,10335.02
12,2019-09-14,10344.13,10419.99,10222.33,10335.02,10333.03,23621.53,50.54680726787029,10293.587482488976,10419.067431231497,449.051465138425,11.897433282861199,83802.92896399995,0.5,10302.01
13,2019-09-15,10332.81,10360.0,10252.15,10302.01,10303.44,18047.65,49.850382385210544,10294.389627013836,10414.476943732225,424.67993191425177,11.451029445804961,65755.27495099994,0.0,10251.31
14,2019-09-16,10303.34,10355.0,10078.0,10251.31,10248.42,28971.4,48.73964839822482,10290.28680539347,10408.07824005645,414.1313653489481,11.62110220548922,36783.873293999946,1.0,10187.82
15,2019-09-17,10249.68,10275.0,10128.01,10187.82,10187.27,22914.32,47.317816307605725,10280.528062022664,10399.44066201502,395.0498392525946,11.77902691091032,13869.548730999948,1.0,10156.99
16,2019-09-18,10187.48,10258.02,10100.0,10156.99,10155.98,24250.25,46.6068185041401,10268.76253230622,10389.932792916392,378.119136448838,12.023673001198725,-10380.700572000052,-1.0,10244.29
17,2019-09-19,10156.41,10325.0,9653.0,10244.29,10243.02,44826.28,48.94617934493677,10266.431814943724,10384.22131084124,399.11062670249237,13.552188056567907,34445.582006999946,0.0,10168.59
18,2019-09-20,10243.7,10281.0,10061.39,10168.59,10168.7,25088.49,47.02228394982364,10257.113546853843,10375.765181004328,386.2891533666002,14.971523465125005,9357.090937999947,0.0,9986.39
19,2019-09-21,10167.92,10176.7,9900.0,9986.39,9984.16,20544.18,42.67449708484512,10231.330351915385,10360.495566062982,378.4613566975574,16.682002559222223,-11187.084258000054,0.0,10028.87
20,2019-09-22,9985.15,10089.0,9853.97,10028.87,10022.16,22049.28,43.975163548897136,10212.048413637729,10347.490641903647,368.21625979058916,18.378181757759585,10862.190997999947,0.0,9702.25
21,2019-09-23,10028.05,10049.99,9615.77,9702.25,9702.92,31937.23,37.02013365032913,10163.49618376747,10322.187087319191,372.93081266268985,20.468526635248264,-21075.04135800005,0.0,8493.14
22,2019-09-24,9702.2,9794.99,7800.0,8493.14,8500.86,94007.35,22.704487338504194,10004.41464245628,10250.459750561577,488.79218318678335,24.27401027438965,-115082.38656100006,0.5,8430.05
23,2019-09-25,8497.55,8730.0,8215.64,8430.05,8431.31,60783.89,22.22161971521112,9854.475152698538,10179.071132892497,490.6184558162989,27.807673653592357,-175866.27881900006,1.0,8063.73
24,2019-09-26,8430.05,8465.99,7750.0,8063.73,8062.55,67930.85,19.61334760116877,9683.927995298678,10096.116578661416,506.7164232579919,31.331089233263373,-243797.13256800012,1.0,8177.91
25,2019-09-27,8063.49,8265.0,7852.15,8177.91,8177.88,43882.92,22.66048962656117,9540.497710032138,10020.89279126293,500.0116787395639,34.60283227152932,-199914.20794300007,1.0,8198.81
26,2019-09-28,8177.47,8315.0,8001.09,8198.81,8199.44,34473.61,23.23410135495061,9412.717928124317,9949.43856415458,486.7187016867379,37.440637048972135,-165440.60277800006,1.0,8043.82
27,2019-09-29,8199.38,8229.13,7890.0,8043.82,8042.67,31544.21,21.934849519083485,9282.34669687438,9874.708424383809,476.17665156625657,40.142635665803425,-196984.81416600003,1.0,8289.34
28,2019-09-30,8043.04,8337.26,7710.0,8289.34,8286.86,55865.49,28.73347221783814,9187.774630505392,9812.537113623659,486.968319311524,42.757370479702026,-141119.32690600006,-1.0,8292.44
29,2019-10-01,8289.97,8500.0,8173.05,8292.44,8293.45,43472.42,28.817765866976533,9102.504665695356,9752.925462109008,475.53843936070086,44.490093120036576,-97646.90881500006,-1.0,8359.94
30,2019-10-02,8292.67,8373.91,8151.22,8359.94,8360.15,26243.39,30.738761040896968,9031.784221343416,9698.298581241988,457.47783654922216,46.117644775930884,-71403.52217100006,-1.0,8223.96
31,2019-10-03,8360.0,8393.0,8060.0,8223.96,8224.75,30488.28,29.038613976259715,8954.84858121547,9640.481381977597,448.586562509992,47.70911367095806,-101891.80622900008,-1.0,8137.13
32,2019-10-04,8224.43,8232.41,8005.0,8137.13,8135.9,26476.33,27.974609130473095,8876.97062109971,9581.526425821612,432.7882366164212,49.23608198835844,-128368.13663300007,-1.0,8126.19
33,2019-10-05,8137.09,8183.41,8012.98,8126.19,8125.43,21907.62,27.83621739792744,8805.4677048045,9524.454409122725,414.0483625723911,50.65398114023021,-150275.75219700008,-1.0,7854.25
34,2019-10-06,8127.55,8153.87,7785.0,7854.25,7856.71,34676.1,24.58095947497715,8714.875542442167,9458.956197000263,410.8213366743632,52.179932312413904,-184951.85624600013,0.0,8190.09
35,2019-10-07,7855.3,8299.92,7762.0,8190.09,8188.93,52202.07,34.73218082972855,8664.895966971484,9409.196738294373,419.8998126261944,52.84260438972128,-132749.7839490001,0.0,8168.39
36,2019-10-08,8190.82,8325.0,8088.75,8168.39,8171.05,35452.66,34.40990130251244,8617.60968440277,9360.537650518123,406.78196886718047,53.32848508648338,-168202.4413720001,0.0,8560.74
37,2019-10-09,8170.79,8670.0,8115.0,8560.74,8562.03,55038.7,44.44697245949776,8612.193523983458,9329.173036772314,417.36897109095327,52.15376073921107,-113163.7369940001,0.0,8558.03
38,2019-10-10,8562.15,8644.0,8414.52,8558.03,8557.79,39137.95,44.39643689137221,8607.035093127892,9298.93213336948,403.94833029874235,51.0629452738868,-152301.68316100008,0.0,8258.5
39,2019-10-11,8557.82,8779.51,8212.38,8258.5,8257.32,50405.28,39.10425562981993,8573.84127473476,9258.130873237342,415.60416384883234,50.44827126792055,-202706.96757900008,1.0,8300.09
40,2019-10-12,8257.95,8400.0,8250.0,8300.09,8302.12,21339.33,40.17068935380164,8547.76972476002,9220.56064291431,396.63243785963,49.87750254809474,-181367.63348100008,1.0,8275.01
41,2019-10-13,8301.98,8451.37,8160.0,8275.01,8277.24,27840.74,39.71897051257872,8521.79260811621,9183.48022554512,389.11369229822793,49.52679344500578,-209208.37343400012,1.0,8348.2
42,2019-10-14,8275.24,8388.85,8203.0,8348.2,8347.79,29810.66,41.776591794725405,8505.259978771808,9150.724138268844,374.59485713406883,49.20113499213746,-179397.71018100012,1.0,8159.29
43,2019-10-15,8346.86,8403.0,8090.0,8159.29,8159.92,32773.06,38.156335437225536,8472.310456984018,9111.844368140652,370.1952244816353,49.13351036739058,-212170.77265700008,1.0,7991.74
44,2019-10-16,8159.3,8181.16,7917.0,7991.74,7991.5,34733.59,35.239510570540396,8426.541842033159,9067.91870664494,362.6212798758042,49.40204991295361,-246904.36662300013,0.3333333333333333,8070.58
45,2019-10-17,7995.02,8124.92,7929.03,8070.58,8069.62,29656.95,37.65460942829518,8392.640714220477,9028.80738481573,350.71190274181834,49.651408062404975,-217247.41746500006,0.3333333333333333,7947.01
46,2019-10-18,8070.71,8115.0,7816.01,7947.01,7951.66,31353.18,35.424724819197955,8350.199693818526,8986.38395796021,347.0174811174027,50.09695646180517,-248600.59888100013,1.0,7948.01
47,2019-10-19,7946.89,8098.1,7866.92,7948.01,7952.08,26627.89,35.45803508225279,8311.895913454857,8945.66341058922,338.7433753233026,50.510679975533904,-221972.7094930001,1.0,8223.35
48,2019-10-20,7949.87,8297.0,7870.0,8223.35,8224.52,34286.45,44.020431569788705,8303.462969316299,8917.337394487682,345.0474199430667,49.615496705159686,-187686.25683900007,0.0,8197.27
49,2019-10-21,8223.35,8333.0,8142.03,8197.27,8197.34,30448.68,43.43268140986945,8293.349353190937,8889.099457448949,334.04188994713337,48.568371730803136,-218134.93637800007,0.0,8020.0
50,2019-10-22,8197.28,8297.99,8000.0,8020.0,8021.66,34651.83,39.56571970685633,8267.316081458466,8855.017125784283,331.4667549509096,47.9916202707382,-252786.76504100012,0.0,7466.62
51,2019-10-23,8020.06,8047.59,7300.0,7466.62,7471.07,63897.46,30.45125249803671,8191.059311795754,8800.570179675096,361.18984388298753,48.77902940305759,-316684.22213900014,0.0,7412.41
52,2019-10-24,7468.47,7503.68,7337.99,7412.41,7412.43,32714.38,29.728766006973103,8116.902234481872,8746.132525570192,347.225569319917,49.5101950259256,-349398.6054040001,0.0,8655.02
53,2019-10-25,7412.41,8799.0,7361.0,8655.02,8657.62,90748.22,55.684011168117806,8168.1515454836,8742.559485351752,425.13802865420877,46.30702695457744,-258650.3872300001,0.0,9230.0
54,2019-10-26,8655.88,10370.0,8470.38,9230.0,9229.08,162588.59,62.5727276435625,8269.279969723257,8761.674799651684,530.4581694646223,45.671267101674566,-96061.80181700012,0.25,9529.93
55,2019-10-27,9230.0,9794.98,9074.34,9529.93,9526.74,93833.54,65.57852179739903,8389.341877368659,8791.802454567305,544.042585931435,45.080918666836176,-2228.2602130001183,1.0,9205.14
56,2019-10-28,9528.23,9902.1,9160.0,9205.14,9203.43,80174.22,59.96262498141982,8467.036936666884,8808.01177007447,558.1895440791899,44.65095112200253,-82402.47753600012,1.0,9407.62
57,2019-10-29,9204.45,9550.0,9072.0,9407.62,9405.82,64158.46,62.139379194914035,8556.616276031942,8831.525818306844,552.4617195021048,44.02465824876785,-18244.015090000124,1.0,9154.72
58,2019-10-30,9407.62,9409.84,9001.01,9154.72,9155.1,55241.79,57.904804680498856,8613.578535457471,8844.20009994187,542.2023109662401,43.25412087634872,-73485.80152400013,1.0,9140.85
59,2019-10-31,9154.02,9405.0,8913.0,9140.85,9140.86,54376.02,57.67267787136263,8663.794865413902,8855.833429355915,538.6164316115087,42.29749264864087,-127861.82642600012,1.0,9231.61
60,2019-11-01,9140.86,9279.0,9030.0,9231.61,9230.09,43594.81,58.835559805784044,8717.872497279244,8870.569765459606,517.9295436392581,41.409195008626426,-84267.01231100013,1.0,9289.52
61,2019-11-02,9231.4,9373.74,9186.21,9289.52,9290.83,28923.06,59.59826828034364,8772.315116585982,8886.999186421974,494.329576236454,40.73796026885592,-55343.95148300013,1.0,9194.71
62,2019-11-03,9289.85,9362.57,9066.14,9194.71,9194.73,27894.38,57.71290704297832,8812.543200720651,8899.066277150523,480.19389221956453,39.73591027973325,-83238.32976200012,1.0,9393.35
63,2019-11-04,9196.46,9513.68,9115.84,9393.35,9391.73,45894.46,60.53014606694433,8867.85813398535,8918.449952556386,474.31147134673853,39.07572034020628,-37343.873485000135,0.3333333333333333,9308.66
64,2019-11-05,9392.4,9454.95,9175.76,9308.66,9310.81,45935.87,58.73354284831708,8909.839264081984,8933.752307358096,460.3742233934,38.462686824931225,-83279.74715000013,0.3333333333333333,9339.05
65,2019-11-06,9307.73,9440.91,9250.01,9339.05,9337.83,37336.17,59.201501927385,8950.716477026557,8949.646334520523,441.1260645795857,37.893441417890116,-45943.576778000126,1.0,9216.2
66,2019-11-07,9339.16,9375.0,9101.0,9216.2,9214.7,39117.47,56.41637486600371,8976.000622071646,8960.099419441287,429.18848853818673,36.807588942320365,-85061.04763100012,0.5,8773.73
67,2019-11-08,9214.0,9261.0,8696.0,8773.73,8775.45,62107.29,47.71037813405089,8956.736753302917,8952.790814757314,438.88931078545914,34.49409437583956,-147168.33687400012,-1.0,8809.41
68,2019-11-09,8773.74,8880.0,8724.88,8809.41,8808.67,29469.48,48.401847860622205,8942.705633940735,8947.168037708008,418.6200743007835,32.345849421250236,-117698.85546900012,-1.0,9039.47
69,2019-11-10,8809.18,9147.19,8750.0,9039.47,9038.23,34422.03,52.74135024992874,8951.92128785114,8950.787722503774,417.0893547078704,31.049450625785305,-83276.82567200012,-1.0,8733.27
70,2019-11-11,9040.16,9072.32,8618.68,8733.27,8732.3,44888.05,47.067525656932105,8931.097355674841,8942.257615738921,419.70011508587964,29.426686209937372,-128164.87921700011,0.0,8821.94
71,2019-11-12,8733.36,8888.0,8567.6,8821.94,8818.0,40366.63,48.785718673397895,8920.701417039141,8937.539277866807,412.6072497226025,27.756852262126483,-87798.24974600013,0.0,8777.12
72,2019-11-13,8821.91,8844.99,8702.0,8777.12,8776.32,26810.12,47.93865620997549,8907.026996368748,8931.248325793598,393.3488747424165,26.206292167730656,-114608.36666400012,0.0,8646.68
73,2019-11-14,8777.54,8800.0,8582.6,8646.68,8644.09,33468.47,45.46454509056017,8882.232044333628,8920.088783605615,380.7810979751011,24.35732060447423,-148076.83562500012,0.0,8471.73
74,2019-11-15,8646.38,8790.0,8400.0,8471.73,8469.49,46087.42,42.31049023330548,8843.136611539949,8902.506086209316,381.43959097687963,23.18000430435372,-194164.25337600007,0.0,8491.02
75,2019-11-16,8471.62,8543.0,8400.0,8491.02,8490.64,20902.3,42.781829179760216,8809.601696155192,8886.369376946206,364.40819162138814,22.086782025670384,-173261.9536240001,1.0,8502.4
76,2019-11-17,8490.74,8635.0,8350.68,8502.4,8500.91,27009.04,43.0773014145725,8780.34439175946,8871.311754320866,358.6876065055747,20.72058310542005,-146252.91654200017,1.0,8187.17
77,2019-11-18,8502.87,8503.52,8060.0,8187.17,8187.32,43017.69,37.32717040441865,8723.851592544272,8844.482665916126,364.747063183748,20.38229917062021,-189270.6074820001,1.0,8133.64
78,2019-11-19,8186.5,8218.63,8003.0,8133.64,8130.47,43556.06,36.43769382408798,8667.640964682914,8816.606482939023,354.09584438490884,20.233584208591484,-232826.6685070001,0.5,8098.01
79,2019-11-20,8133.83,8264.29,8038.4,8098.01,8097.91,32466.23,35.82575492428865,8613.390396617875,8788.426228706121,344.9382840717011,19.899238004754416,-265292.89948700013,0.5,7627.74
80,2019-11-21,8098.56,8134.73,7500.0,7627.74,7626.02,58418.78,28.92179119537708,8519.518930273316,8742.909121698038,365.63769235229375,20.96258271941715,-323711.6797480001,0.0,7268.23
81,2019-11-22,7627.79,7750.0,6790.0,7268.23,7263.9,126603.14,24.96153861412917,8400.348555961571,8685.078567905957,408.09214289855856,23.088418403503532,-450314.82000700006,0.0,7311.57
82,2019-11-23,7268.23,7344.48,7080.01,7311.57,7310.0,50449.89,26.27220321723847,8296.655360155706,8631.215486811607,397.83341840580437,25.062408681583747,-399864.9252520001,0.0,6903.28
83,2019-11-24,7311.1,7330.39,6861.0,6903.28,6900.77,67890.21,22.31747048263772,8163.952944902782,8563.453310858209,402.94460280538976,27.178393388785572,-467755.13173500006,-1.0,7109.57
84,2019-11-25,6900.23,7377.69,6515.0,7109.57,7109.9,119645.74,28.19843639243257,8063.5355215787085,8506.43827905985,435.78355974786194,29.53272000597111,-348109.3965380001,1.0,7156.14
85,2019-11-26,7109.99,7340.0,7017.48,7156.14,7153.62,65722.4,29.496067916066767,7977.116900475973,8453.485405371228,427.6933054801576,31.718880436214828,-282386.99884800013,1.0,7508.52
86,2019-11-27,7154.75,7655.0,6840.0,7508.52,7509.25,92452.87,38.546218294871615,7932.488624240166,8416.427938493925,455.358069374432,32.45940661620193,-189934.12535800008,1.0,7419.49
87,2019-11-28,7507.9,7643.0,7360.0,7419.49,7418.99,56933.98,37.24537606838818,7883.631612407768,8377.332333062792,443.0467787048297,33.147038069047106,-246868.10646700012,1.0,7739.68
88,2019-11-29,7418.52,7850.0,7362.3,7739.68,7740.99,60745.3,44.49966025835233,7869.921935035601,8352.326359217192,446.23629451162765,32.98257714451252,-186122.80559400012,1.0,7541.89
89,2019-11-30,7740.99,7810.0,7441.0,7541.89,7542.49,46989.43,41.32197313150871,7838.680798365542,8320.544541208676,440.7194163322257,32.82986342887326,-233112.2392130001,1.0,7390.89
90,2019-12-01,7540.63,7541.85,7210.0,7390.89,7394.5,60769.34,39.03049459245979,7796.034055664062,8284.087500376963,432.9458865942096,33.146885293282644,-293881.5815260001,1.0,7294.28
91,2019-12-02,7391.5,7420.56,7151.1,7294.28,7294.27,46330.26,37.594066574531546,7748.247955124629,8245.271519970025,421.2683232660517,33.55270785425835,-340211.8375660001,1.0,7292.71
92,2019-12-03,7294.42,7400.0,7241.35,7292.71,7293.5,33149.48,37.569868448132254,7704.863387969904,8207.91616624571,402.5098716041909,33.929543089450085,-373361.31505300006,1.0,7194.32
93,2019-12-04,7292.71,7750.0,7067.0,7194.32,7195.79,83147.15,36.0057477577456,7656.2402081632445,8168.167296981171,422.5448807753202,32.82846463504109,-456508.46419500007,1.0,7389.0
94,2019-12-05,7194.59,7485.0,7150.0,7389.0,7389.02,59306.68,41.22025576831042,7630.788759766746,8137.611716707403,416.29167500565455,31.80603464166132,-397201.78534000006,1.0,7527.47
95,2019-12-06,7389.0,7590.03,7305.0,7527.47,7527.64,48189.09,44.67347987025755,7620.9488778842,8113.684590562014,406.91584107667916,30.446428976389623,-349012.6973960001,1.0,7488.21
96,2019-12-07,7527.8,7619.62,7470.16,7488.21,7486.54,31498.68,43.88624418372331,7608.307079990465,8089.156175245856,388.5261381426306,29.06722789062901,-380511.38156900014,0.0,7510.11
97,2019-12-08,7487.31,7564.0,7374.86,7510.11,7510.07,29856.9,44.47404412212218,7598.954977134231,8066.44848209896,374.28427113244277,28.09025544558125,-350654.48393800016,0.0,7338.64
98,2019-12-09,7510.11,7650.0,7273.0,7338.64,7339.41,46621.89,40.86463173740908,7574.16307455002,8037.906972997041,374.47825176583984,27.498554271196863,-397276.37143100024,0.0,7224.13
99,2019-12-10,7338.64,7407.6,7157.1,7224.13,7225.02,49723.76,38.611010142430686,7540.826591259541,8005.994150526569,365.6226623539941,27.293494832766342,-447000.13357100025,0.0,7210.0
100,2019-12-11,7224.15,7275.5,7125.66,7210.0,7210.0,30093.09,38.33010682626586,7509.319296853871,7974.778693643174,350.20961504299464,27.196006749963754,-477093.22551500023,0.0,7198.08
101,2019-12-12,7210.0,7295.0,7080.3,7198.08,7197.07,42288.6,38.078429836225844,7479.6774590582645,7944.319921343443,340.5303568256378,27.243663472609878,-519381.82644700026,0.0,7258.48
102,2019-12-13,7197.76,7309.05,7190.76,7258.48,7257.33,27609.87,40.220344938702276,7458.611034386048,7917.424238153503,324.6560456238066,27.209036366616445,-491771.95265200007,0.0,7064.05
103,2019-12-14,7257.37,7271.77,7012.0,7064.05,7064.15,29561.99,35.91376732750604,7421.0337930159485,7883.958581755327,320.0213280792491,27.730462638197842,-521333.93861900026,0.0,7118.59
104,2019-12-15,7064.14,7200.3,7008.35,7118.59,7118.58,26395.78,37.92176134425613,7392.229622252525,7853.944127568844,310.87337607358836,28.22550355277623,-494938.1604820002,0.0,6891.72
105,2019-12-16,7119.6,7150.0,6836.0,6891.72,6891.2,43863.99,33.25419280921912,7344.562039180854,7816.20984805634,311.09670635404643,29.177948038113893,-538802.1535410001,0.0,6623.82
106,2019-12-17,6891.44,6942.21,6560.0,6623.82,6624.94,53865.07,28.753554896186145,7275.91994021125,7769.449461858053,316.17622732875736,30.705362284085137,-592667.2234700001,-0.5,7277.83
107,2019-12-18,6623.84,7440.0,6435.0,7277.83,7275.38,95636.65,47.45119724160055,7276.101850667322,7750.1702672753845,365.37792537670333,29.647035262679147,-497030.5722190001,-0.5,7150.3
108,2019-12-19,7277.83,7380.0,7038.31,7150.3,7149.44,55509.05,44.972717175424116,7264.120722032339,7726.645943068506,363.6859307069388,28.66430302851645,-552539.6212940001,1.0,7187.83
109,2019-12-20,7151.31,7220.0,7079.5,7187.83,7186.47,32132.07,45.868776953875816,7256.854938981641,7705.5159060854285,347.744078513586,27.7517659539368,-520407.55208900006,1.0,7132.75
110,2019-12-21,7188.01,7190.58,7105.0,7132.75,7134.0,19467.17,44.717870360189714,7245.035420983389,7683.054498003647,329.0180729054727,26.90441009896998,-539874.7261170001,1.0,7501.44
111,2019-12-22,7131.59,7518.54,7122.47,7501.44,7496.27,39137.46,53.185393718551474,7269.454904699257,7675.932360827032,333.8074962693675,25.250727297817985,-500737.2709670001,0.0,7317.09
112,2019-12-23,7500.71,7695.38,7265.84,7317.09,7316.83,68052.0,49.133002119164715,7273.9915804421835,7661.8601113828345,340.64553225012696,24.33115262177743,-568789.2681699999,1.0,7255.77
113,2019-12-24,7317.3,7436.68,7157.04,7255.77,7257.23,43629.49,47.82760880566565,7272.256191828643,7645.9350089756645,336.2879942322608,23.02743316987113,-612418.762358,1.0,7204.63
114,2019-12-25,7255.77,7271.77,7128.86,7204.63,7203.26,27492.04,46.7129332373888,7265.815602130678,7628.628930192304,322.47528035852787,21.70021966771338,-639910.806681,-1.0,7202.0
115,2019-12-26,7205.01,7435.0,7157.12,7202.0,7201.82,36259.76,46.65271522078122,7259.737925737279,7611.898383910254,319.2899031900617,21.065679922607934,-676170.5677570001,-1.0,7254.74
116,2019-12-27,7202.0,7275.86,7076.42,7254.74,7252.72,33642.7,48.09764076224484,7259.261932809919,7597.892172776518,310.729195819343,20.117380029238785,-642527.8658960001,-1.0,7316.14
117,2019-12-28,7254.77,7365.01,7238.67,7316.14,7352.6,26848.98,49.80227084340927,7264.678891589927,7586.843067961754,297.55853897510417,19.568406633856092,-615678.8836970001,-1.0,7388.24
118,2019-12-29,7315.36,7528.45,7288.0,7388.24,7389.35,31387.11,51.80400135594065,7276.446616200409,7579.0547123554115,293.4793576197397,19.62414995763089,-584291.7776120001,-1.0,7246.0
119,2019-12-30,7388.43,7408.24,7220.0,7246.0,7245.27,29605.91,47.75788999768339,7273.546938467039,7565.9937432434335,285.96226064690114,19.341238788515913,-613897.6893940001,-1.0,7195.23
120,2019-12-31,7246.0,7320.0,7145.01,7195.23,7195.54,25954.45,46.36587757010995,7266.088182422559,7551.453988606438,278.03567060069383,18.713425507624773,-639852.1429270001,-1.0,7200.85
121,2020-01-01,7195.24,7255.0,7175.15,7200.85,7201.05,16792.39,46.55159240131577,7259.875022191838,7537.704812582656,263.8795512720729,18.130456032511574,-623059.7547619999,-1.0,6965.71
122,2020-01-02,7200.77,7212.5,6924.74,6965.71,6965.85,31951.48,40.26884669409275,7231.859305792614,7515.273643461767,265.585297609782,17.235703000664124,-655011.2386939999,-1.0,7344.96
123,2020-01-03,6965.49,7405.0,6871.04,7344.96,7339.42,68428.5,51.61205437172353,7242.630800479034,7508.594677051503,284.7549192090833,16.41840253584242,-586582.7382430001,0.0,7354.11
124,2020-01-04,7345.0,7404.0,7272.21,7354.11,7352.13,29987.97,51.84963702953497,7253.247867100077,7502.536454422033,273.82885355129156,15.65948067565084,-556594.7632660001,0.0,7358.75
125,2020-01-05,7354.19,7495.0,7318.0,7358.75,7359.3,38331.09,51.97840140789031,7263.295689281022,7496.897769934893,266.91250686905653,15.330685507191534,-518263.67766200006,0.0,7758.0
126,2020-01-06,7357.64,7795.34,7346.76,7758.0,7760.0,54635.7,61.515101817972486,7310.4103855399735,7507.137073074702,279.8887563784096,16.077877983797322,-463627.982346,0.5,8145.28
127,2020-01-07,7758.9,8207.68,7723.71,8145.28,8148.99,91171.68,68.12729177708273,7389.921777393308,7532.1622858953015,294.4659880656661,17.814593953343554,-372456.297685,0.0,8055.98
128,2020-01-08,8145.92,8455.0,7870.0,8055.98,8051.98,112622.64,65.33961372894944,7453.355893832041,7552.704157036663,315.2184174895471,19.907348169135602,-485078.940325,1.0,7817.76
129,2020-01-09,8054.72,8055.96,7750.0,7817.76,7820.38,64239.52,58.466691159041844,7488.061046800418,7563.098503819539,314.5585305260081,21.26594766142279,-549318.460155,1.0,8197.02
130,2020-01-10,7817.74,8199.0,7672.0,8197.02,8194.0,82406.78,64.81262155328575,7555.580947105139,7587.958170336421,329.73292120272174,22.818310870244236,-466911.68270699994,1.0,8020.01
131,2020-01-11,8198.86,8286.34,8003.16,8020.01,8022.68,54810.03,60.19019550924818,7599.812285476078,7604.901379342835,326.40771254538447,24.43077307609849,-521721.71537399996,1.0,8184.98
132,2020-01-12,8020.01,8197.0,7960.0,8184.98,8184.56,38131.49,62.849493343756826,7655.542544002165,7627.649560545077,320.0214473635714,25.70103886067669,-483590.221038,1.0,8110.34
133,2020-01-13,8184.97,8196.0,8055.89,8110.34,8104.41,31159.76,60.868332750256904,7698.8565874305295,7646.578597386447,307.1706296947448,26.880571374927868,-514749.976721,0.3333333333333333,8810.01
134,2020-01-14,8110.34,8880.0,8105.54,8810.01,8822.17,120399.13,70.31471356386109,7804.680721960955,7692.203358273253,340.54844185940595,29.15890313495493,-394350.84997900005,0.25,8821.41
135,2020-01-15,8814.64,8916.48,8564.0,8821.41,8821.0,84816.3,70.43992353987156,7901.512081774198,7736.4859716743,341.4006960123055,31.322185462122803,-309534.55237300013,1.0,8720.01
136,2020-01-16,8820.01,8859.81,8586.0,8720.01,8722.29,51991.07,67.70444896021793,7979.464264462371,7775.055541412564,336.57278915428367,33.3309476230644,-361525.626657,0.0,8913.28
137,2020-01-17,8720.15,9041.65,8672.44,8913.28,8915.11,70897.74,70.08874215413204,8068.399096418335,7819.691794690503,338.9040185004062,35.444229711718066,-290627.8892800001,0.0,8915.96
138,2020-01-18,8913.27,8988.88,8806.38,8915.96,8913.31,38294.75,70.12168249801819,8149.119182473732,7862.682704702642,327.73230289323436,37.40656307975362,-252333.14273500012,0.0,8701.7
139,2020-01-19,8915.09,9198.98,8466.0,8701.7,8702.88,70676.89,64.04879283239332,8201.745927000044,7895.58534373391,356.67856697228905,37.40488429981549,-323010.03199400014,0.0,8642.35
140,2020-01-20,8701.72,8746.99,8521.28,8642.35,8643.13,38896.64,62.435768819395676,8243.708219666707,7924.870232214933,347.3236693314112,37.40332543273008,-361906.6717400001,-0.5,8736.03
141,2020-01-21,8642.35,8789.0,8488.0,8736.03,8732.84,36494.69,63.977860621573285,8290.596008269878,7956.680419186897,344.014835807739,37.500015744225,-325411.9840810001,-0.5,8682.36
142,2020-01-22,8736.04,8818.0,8590.0,8682.36,8684.97,29080.56,62.397442822619794,8327.906864625129,7985.138441963882,335.72806182147195,37.66001044408186,-354492.54121900006,1.0,8404.52
143,2020-01-23,8682.77,8691.81,8306.39,8404.52,8406.45,48165.94,54.844393889503536,8335.20335370845,8001.584777573142,339.2774859770812,36.36530605424685,-402658.4858160001,1.0,8439.0
144,2020-01-24,8404.52,8528.02,8238.0,8439.0,8439.88,41687.53,55.56327116953632,8345.08874859336,8018.738315707528,335.7590941215754,34.854075225293265,-360970.9562870001,1.0,8340.58
145,2020-01-25,8438.99,8451.26,8254.9,8340.58,8342.33,25521.16,52.970990833562276,8344.65934396542,8031.359558228803,325.80201597003435,33.45078945555065,-386492.1142190001,1.0,8615.0
146,2020-01-26,8340.01,8618.13,8293.66,8615.0,8616.34,31130.49,58.74978771865118,8370.406073111571,8054.247418690417,325.70687197217467,32.7103892455955,-355361.6290550001,1.0,8907.57
147,2020-01-27,8614.39,9000.0,8535.0,8907.57,8906.62,53973.54,63.8499008419985,8421.56454233904,8087.711049330009,335.6563811170194,33.04636422526127,-301388.0860590001,1.0,9374.21
148,2020-01-28,8907.57,9400.0,8862.4,9374.21,9383.1,74584.85,70.18225591950176,8512.292681163894,8138.161988571969,350.0809253229466,34.13465967164795,-226803.2322940001,0.5,9301.53
149,2020-01-29,9375.34,9449.24,9216.0,9301.53,9303.35,53864.07,68.17905557582736,8587.458140100665,8183.78426352993,341.7351449427362,35.22834988571257,-280667.2974160001,0.0,9513.21
150,2020-01-30,9301.57,9578.0,9204.44,9513.21,9512.98,60626.74,70.79375835113524,8675.624983900601,8235.9186061366,344.00834887539787,36.459116393606585,-220040.5531570001,0.0,9352.89
151,2020-01-31,9511.52,9530.22,9210.01,9352.89,9350.19,45552.02,66.34719590214381,8740.126414005306,8279.721405895949,342.30846681286937,37.6019710080796,-265592.5755090001,0.5,9384.61
152,2020-02-01,9351.71,9464.53,9281.0,9384.61,9385.36,28578.07,66.79162977031153,8801.505803147658,8323.050370370618,330.96714775480734,38.663193150090244,-237014.5081550001,1.0,9331.51
153,2020-02-02,9384.41,9477.03,9120.0,9331.51,9333.07,45690.91,65.2384017090949,8851.982393324071,8362.597806826672,332.82878005803553,38.721383183442065,-282705.4206950001,1.0,9292.24
154,2020-02-03,9331.59,9618.79,9234.0,9292.24,9298.61,50892.13,64.05209338154329,8893.91168919797,8399.054363421705,336.54029576817595,39.098371077839715,-333597.5541460001,0.5,9197.02
155,2020-02-04,9291.35,9350.0,9093.01,9197.02,9197.71,53308.18,61.14852402483461,8922.779147369592,8430.3471334836,330.8581317847348,38.686394078750524,-386905.729412,0.5,9612.04
156,2020-02-05,9197.02,9744.45,9177.22,9612.04,9612.5,64870.42,67.96486059883821,8988.423038096298,8476.688030209734,347.7418366572539,39.172856202234904,-322035.31379700004,0.0,9772.0
157,2020-02-06,9612.03,9862.57,9526.35,9772.0,9774.34,64949.71,70.13940842800736,9063.049415420459,8527.484578044647,346.91884832459283,39.84094413433621,-257085.60720900004,0.0,9813.73
158,2020-02-07,9772.0,9885.0,9730.0,9813.73,9816.82,43966.11,70.69821069596752,9134.542804428036,8577.925574984074,333.2103591585505,40.50263063419155,-213119.49257700008,0.0,9895.05
159,2020-02-08,9813.87,9940.0,9667.11,9895.05,9891.28,43600.84,71.80549193799433,9206.972061149176,8629.57751321999,328.9017620757968,40.767511844416525,-169518.64891100005,-0.5,10151.75
160,2020-02-09,9895.04,10166.0,9880.75,10151.75,10153.99,43408.48,75.01511700791201,9296.950912468305,8689.270551917249,325.7837790703828,41.462569673947016,-126110.17329500006,0.0,9851.83
161,2020-02-10,10151.72,10188.0,9756.0,9851.83,9853.43,59573.08,65.61644069263338,9349.796539852274,8734.861118508728,333.3706519939269,41.43302131820928,-185683.25791400005,0.0,10223.08
162,2020-02-11,9851.74,10323.59,9700.0,10223.08,10218.39,62422.4,70.53725354863626,9432.966393199677,8793.222643273093,354.10060542293223,41.69386084429341,-123260.86269000005,0.0,10326.46
163,2020-02-12,10223.08,10450.0,10223.08,10326.46,10329.79,61008.06,71.7497033809935,9518.061022418757,8853.349598438854,345.0162764641513,42.18834686963615,-62252.79876000004,0.0,10229.63
164,2020-02-13,10325.33,10500.0,10080.0,10229.63,10230.91,79344.36,68.89010221183752,9585.829496474113,8907.321378892231,350.37225671671195,41.87579619758122,-141597.15751900006,0.0,10344.36
165,2020-02-14,10227.78,10381.56,10111.37,10344.36,10340.62,47038.48,70.39564368573771,9658.070496809909,8963.67583462195,344.6449526655182,41.58557057353022,-94558.67734600004,0.0,9904.72
166,2020-02-15,10344.36,10375.0,9801.0,9904.72,9906.81,57657.2,58.67723434670843,9681.56092568516,9000.579527381871,361.0274560465527,39.794108311588246,-152215.88029300002,0.0,9917.27
167,2020-02-16,9904.46,10050.0,9638.12,9917.27,9925.0,60024.0,58.88762510308039,9704.009408953238,9036.528173366896,364.659780614656,37.46187563499141,-92191.88075600004,0.0,9706.0
168,2020-02-17,9910.7,9964.16,9452.67,9706.0,9699.98,70261.01,53.911435070674536,9704.19898905293,9062.781970489765,375.1476534278948,34.962261671473684,-162452.89265700005,0.0,10164.71
169,2020-02-18,9706.0,10250.0,9576.01,10164.71,10164.77,70604.12,61.51547087737987,9748.057180571695,9105.994834392126,396.4935353259023,33.23720277562903,-91848.76863800004,0.0,9593.79
170,2020-02-19,10164.78,10250.0,9350.0,9593.79,9601.5,55162.59,50.37533165133657,9733.365068136298,9125.124056572828,432.4582828026236,30.87747889741467,-147011.35553300005,0.6666666666666666,9596.42
171,2020-02-20,9594.65,9699.0,9400.0,9596.42,9599.55,60152.34,50.41987461007082,9720.322680694746,9143.606250432718,422.9255483167218,28.68630672478705,-86859.01261900004,1.0,9677.05
172,2020-02-21,9597.21,9755.51,9550.21,9677.05,9679.71,42181.55,51.84689869113298,9716.201473009532,9164.525613160848,407.38086629409895,26.823404235971175,-44677.458095000045,1.0,9650.86
173,2020-02-22,9677.05,9709.17,9560.02,9650.86,9649.05,24636.76,51.33010246414321,9709.978475580054,9183.597549899641,388.935804415949,25.093566210642138,-69314.21571800005,1.0,9936.4
174,2020-02-23,9650.85,9990.0,9645.0,9936.4,9938.07,37702.09,56.42935667688703,9731.542430286716,9213.119214609458,385.7975326719527,24.454285703017717,-31612.12587500005,1.0,9656.13
175,2020-02-24,9936.4,9990.0,9473.56,9656.13,9657.92,55796.6,50.80296883935966,9724.360294068934,9230.49218658556,395.129137481099,23.16602343695233,-87408.72199500006,1.0,9315.84
176,2020-02-25,9655.52,9675.0,9250.0,9315.84,9321.14,54379.34,44.943613813775436,9685.453599395702,9233.839159660636,397.2627705181634,21.85261382541609,-141788.06654700005,1.0,8785.25
177,2020-02-26,9316.48,9377.44,8633.63,8785.25,8783.54,92130.35,37.651723339488726,9599.719923262779,9216.247427909238,422.01614405258033,22.25204505065969,-233918.41202900012,1.0,8823.21
178,2020-02-27,8786.0,8971.77,8531.0,8823.21,8823.82,72483.58,38.42147958777913,9525.76659723775,9200.834195442209,423.35570519168175,22.835099913042765,-161434.83326700007,0.0,8692.91
179,2020-02-28,8823.25,8900.0,8445.0,8692.91,8692.23,71155.21,36.744513921839726,9446.446921310348,9180.915599542514,425.6160119637045,23.55358161586482,-232590.04224400004,0.0,8523.61
180,2020-02-29,8690.8,8790.0,8523.55,8523.61,8526.3,36748.18,34.6295904053584,9358.557690709362,9155.138909364376,414.2470111091543,24.22074319705673,-269338.2252790001,1.0,8531.88
181,2020-03-01,8523.61,8750.0,8411.0,8531.88,8531.99,43892.2,34.82692517166214,9279.826482070375,9130.69738350695,408.8722246013575,25.08614277337389,-225446.02350000013,1.0,8915.24
182,2020-03-02,8530.3,8965.75,8498.0,8915.24,8909.52,60401.32,43.36215278816004,9245.103959968435,9122.248074349814,413.07777998697486,24.95718690185068,-165044.70577000006,1.0,8760.07
183,2020-03-03,8911.18,8919.65,8651.0,8760.07,8760.06,55155.0,41.020443927504346,9198.91024949525,9108.045012610608,402.7615099879053,24.837442164007697,-220199.70305200008,1.0,8750.87
184,2020-03-04,8760.07,8848.29,8660.0,8750.87,8750.69,38696.48,40.879485115256756,9156.239749543322,9094.038149370977,387.4421164173407,24.72625062172493,-258896.18563000005,1.0,9054.68
185,2020-03-05,8750.99,9159.42,8746.54,9054.68,9097.5,58201.87,47.317568634234284,9146.567392443958,9092.4946925329,389.2591081018163,23.32763457454244,-200694.31927500005,0.0,9131.88
186,2020-03-06,9054.64,9170.0,8985.5,9131.88,9132.4,43782.95,48.84208180508765,9145.168593163578,9094.039214394354,374.63345752311517,21.988677279191922,-156911.37123100006,1.0,8886.66
187,2020-03-07,9130.89,9188.0,8835.0,8886.66,8887.99,45422.2,44.44272375326857,9120.548727148,9085.906696182808,373.08821055717834,21.26236696845018,-202333.57575600006,-1.0,8033.31
188,2020-03-08,8885.25,8886.76,8000.0,8033.31,8034.86,77537.32,33.226711183367556,9017.002181705331,9044.62839437172,409.77905266023714,22.55234776936203,-279870.89092200005,-0.5,7929.87
189,2020-03-09,8034.76,8179.31,7632.01,7929.87,7930.46,116968.86,32.16698378621493,8913.465783447682,9000.912378906161,419.60197747022016,24.309015704365887,-396839.75419000007,0.75,7894.56
190,2020-03-10,7929.87,8149.0,7728.01,7894.56,7892.05,86783.44,31.794207142132148,8816.427137405046,8957.52601110592,419.70112193663306,25.94020735829803,-483623.19806500006,0.5,7934.52
191,2020-03-11,7894.57,7980.0,7590.0,7934.52,7932.68,79942.41,32.74411416107128,8732.43598146171,8917.408128317453,417.5796132268736,27.655367083943162,-403680.78689300007,0.5,4800.0
192,2020-03-12,7934.58,7966.17,4410.0,4800.0,4800.04,261505.61,15.044424284737062,8357.918268941547,8755.941142893242,641.7646408535254,31.28045339597628,-665186.3955460001,1.0,5578.6
193,2020-03-13,4800.01,5955.0,3782.13,5578.6,5580.59,402201.67,25.776891868435268,8093.2212909471145,8631.339529446446,751.1293093639879,34.81295401896366,-262984.7217820001,-1.0,5172.06
194,2020-03-14,5576.05,5640.52,5055.13,5172.06,5180.59,136910.14,24.067240483356873,7815.015453714055,8495.681508683841,739.2907872665602,38.093133168880506,-399894.85775600007,-1.0,5361.3
195,2020-03-15,5172.48,5940.0,5093.1,5361.3,5363.91,139916.15,26.510647265173148,7581.328267646049,8372.764586774672,746.9771596046629,40.41216770738777,-259978.71122200013,-1.0,5028.97
196,2020-03-16,5360.33,5365.42,4442.12,5028.97,5029.47,227276.92,24.989849307385388,7338.246527870237,8241.635387293312,759.57164820433,42.81043945327004,-487255.63398200006,1.0,5312.64
197,2020-03-17,5028.86,5525.0,4921.45,5312.64,5321.37,150089.93,28.74719948519791,7145.331620454023,8126.772823085731,748.4272447611636,44.66674333914399,-337165.7076640001,0.6666666666666666,5393.04
198,2020-03-18,5312.64,5436.17,5009.37,5393.04,5394.06,137127.63,29.8202028076067,6978.446704220306,8019.56761433727,725.4538701353662,46.39045409031265,-200038.0727700001,-1.0,6162.37
199,2020-03-19,5393.26,6400.0,5252.53,6162.37,6163.09,199020.87,39.24782672236485,6900.725113342181,7946.736335343654,755.5978794114116,45.907402449291446,-1017.1993310001272,1.0,6208.36
200,2020-03-20,6162.05,6900.0,5670.0,6208.36,6202.19,219298.33,39.768718698353744,6834.785578738165,7878.564714349784,789.4837451677394,44.5807371145023,218281.13018299988,1.0,6186.98
201,2020-03-21,6204.57,6456.98,5860.02,6186.98,6193.27,128913.67,39.59873934073131,6773.08980933453,7812.228058885086,775.7320490843293,43.34883358934093,89367.46181999988,1.0,5816.19
202,2020-03-22,6187.04,6407.87,5734.01,5816.19,5817.3,119115.99,36.671312600228966,6681.956494159813,7733.952056575869,768.4554741497345,42.33514419381682,-29748.528707000118,-0.5,6467.31
203,2020-03-23,5816.05,6600.0,5688.0,6467.31,6466.45,164674.22,44.43901091325016,6661.513970906497,7684.279819063089,778.7086545676108,41.0288456383196,134925.68707799987,0.0,6744.72
204,2020-03-24,6465.25,6833.0,6371.33,6744.72,6744.74,151138.01,47.3992678831969,6669.438354629688,7647.4343359625755,756.0630363842099,39.380499147943844,286063.6969559999,-1.0,6677.43
205,2020-03-25,6744.69,6957.96,6450.0,6677.43,6675.53,132155.73,46.74862691915331,6670.1994637125745,7609.394950238553,738.3413909281949,37.6173988604181,153907.9619669999,-1.0,6737.36
206,2020-03-26,6677.42,6780.0,6510.0,6737.36,6732.94,83026.56,47.44061478405165,6676.595705263759,7575.197501209591,704.8884344333238,35.980234307715634,236934.5171779999,-1.0,6359.11
207,2020-03-27,6737.27,6842.59,6261.0,6359.11,6360.21,82914.97,43.59045777592921,6646.358971429115,7527.507795279804,696.0814034023721,34.82528280372745,154019.54882399988,-1.0,6236.65
208,2020-03-28,6359.11,6360.0,6024.0,6236.65,6238.52,93159.69,42.39095479351615,6607.3390693882475,7476.8859209551065,670.3613031593454,34.08441920721634,60859.85539499988,-1.0,5881.42
209,2020-03-29,6236.65,6266.0,5866.56,5881.42,5879.53,63311.63,39.03536965197115,6538.2039199227,7414.318629937259,651.0097815051066,33.6110752073576,-2451.772319000127,0.0,6394.38
210,2020-03-30,5880.5,6599.0,5857.76,6394.38,6391.95,118889.55,45.71747959099918,6524.506403739586,7374.321036606387,657.4547971118848,32.41534413169893,116437.77767299989,-1.0,6410.44
211,2020-03-31,6394.45,6523.23,6321.4,6410.44,6412.09,72337.6,45.91734626663629,6513.6429367167675,7336.52178026888,624.9101687467503,31.305022418587303,188775.37293199985,0.0,6642.92
212,2020-04-01,6412.14,6679.94,6150.11,6642.92,6640.35,97500.75,48.853130804517185,6525.955037981838,7309.321710454416,618.1187281219824,30.554343735753275,286276.12533199985,1.0,6794.09
213,2020-04-02,6643.36,7198.0,6551.0,6794.09,6795.25,149299.91,50.72617141300824,6551.4917010311865,7289.116545338556,620.1816761132693,28.70731731724682,435576.0322029999,1.0,6734.1
214,2020-04-03,6793.86,7048.0,6602.1,6734.1,6735.3,104080.28,49.944518587731714,6568.882967599646,7267.351190619397,607.7329849623217,26.99222135720511,331495.75526399986,0.0,6856.99
215,2020-04-04,6732.97,6990.41,6650.01,6856.99,6855.63,72990.86,51.5901696094576,6596.321732590155,7251.258594908832,588.6377717507272,25.399632251452093,404486.6164029999,-1.0,6772.78
216,2020-04-05,6857.41,6895.54,6677.52,6772.78,6771.73,49685.36,50.36816172373757,6613.127281867282,7232.49472844182,562.1650737685321,23.92079951039573,354801.25941999984,-1.0,7329.9
217,2020-04-06,6772.78,7355.14,6765.0,7329.9,7326.0,118052.0,57.53472244914249,6681.391350260876,7236.31454301273,564.1632827850658,22.902882110388173,472853.2602519998,1.0,7197.32
218,2020-04-07,7329.9,7459.69,7077.0,7197.32,7197.06,103585.17,55.48160684693061,6730.527412140792,7234.785345247525,551.2009054432752,22.16750806438627,369268.09133399976,0.0,7361.28
219,2020-04-08,7197.32,7420.0,7150.0,7361.28,7359.3,76059.15,57.50138085279151,6790.599087175003,7239.7459199437,531.1151264830413,21.48466073595593,445327.23717199976,0.0,7283.54
220,2020-04-09,7360.26,7371.92,7108.08,7283.54,7284.37,61094.87,56.1994536491284,6837.545840777384,7241.463334847868,512.0240460199669,20.730759358742002,384232.36475499975,0.0,6858.92
221,2020-04-10,7283.54,7295.75,6739.98,6858.92,6859.65,104674.62,49.59432871122012,6839.581474989062,7226.4616354420705,515.1487570185408,19.447708175197032,279557.7413799998,0.0,6876.83
222,2020-04-11,6858.92,6944.3,6760.0,6876.83,6876.74,45470.29,49.861996310963285,6843.128953561532,7212.7505909149295,491.516702945788,18.256303504762414,325028.0345859998,1.0,6903.79
223,2020-04-12,6876.84,7177.0,6780.0,6903.79,6904.73,73868.67,50.2899234389209,6848.9061960794825,7200.634489310423,484.7655098782317,17.36396318249919,398896.7010869998,1.0,6837.91
224,2020-04-13,6903.79,6903.79,6575.0,6837.91,6837.93,96415.48,49.1851949243807,6847.858939310007,7186.409999533545,473.62440202978655,16.263563054875426,302481.22451399977,0.0,6868.7
225,2020-04-14,6838.04,6978.0,6754.28,6868.7,6867.77,69068.62,49.74088192173225,6849.843802232865,7173.950783865563,455.77408759908747,15.163549245265218,371549.84779899975,0.0,6621.24
226,2020-04-15,6868.57,6933.0,6605.0,6621.24,6621.42,61571.38,45.439992969458494,6828.07201154402,7152.275851164953,446.6473670562955,14.426276403296162,309978.46280499967,0.0,7101.94
227,2020-04-16,6621.25,7190.0,6468.27,7101.94,7099.87,125009.86,53.797292555566244,6854.154677111256,7150.301896217308,466.2961265522744,13.760780376157966,434988.3203439997,0.0,7027.55
228,2020-04-17,7101.99,7148.12,6972.98,7027.55,7026.03,54126.51,52.45814148405199,6870.668517386374,7145.48809636565,445.4992603699691,13.142819779529637,380861.8105809997,0.0,7248.6
229,2020-04-18,7026.78,7293.08,7014.4,7248.6,7247.47,49488.54,55.96581946193414,6906.661991921006,7149.531700429742,433.5835989149712,12.965235217723723,430350.3533999997,0.0,7120.74
230,2020-04-19,7248.6,7266.15,7055.6,7120.74,7156.86,45664.86,53.5066947753123,6927.0503736428145,7148.402614138379,417.6526275639019,12.800335267475376,384685.4894699997,0.0,6826.83
231,2020-04-20,7121.4,7220.0,6751.0,6826.83,6831.4,90149.49,48.25756366181889,6917.505576153022,7135.791923387856,421.3202970236232,12.110471818902056,294535.9980999997,0.5,6841.37
232,2020-04-21,6828.98,6940.0,6762.0,6841.37,6841.97,60109.71,48.52659133312695,6910.254568900353,7124.245965607939,403.9402758076502,11.469884330941124,354645.7089079997,0.5,7125.14
233,2020-04-22,6841.36,7156.38,6818.0,7125.14,7125.75,61486.38,53.59742028152061,6930.7198480527,7124.281025780177,399.2573989642466,11.112533384012814,416132.08624199976,-1.0,7482.39
234,2020-04-23,7125.12,7738.0,7020.0,7482.39,7484.71,102773.57,59.06484610919938,6983.2598625238725,7138.3245149652685,422.02472760965753,12.199761760243993,518905.6558029997,0.6666666666666666,7505.0
235,2020-04-24,7483.96,7615.96,7388.0,7505.0,7504.37,60182.12,59.39096536919961,7032.94939942636,7152.703945750944,408.1629613518249,13.209330966744368,579087.7757419997,1.0,7538.67
236,2020-04-25,7505.0,7705.0,7431.07,7538.67,7539.29,43874.43,59.90325594498785,7081.1132661476595,7167.839869446985,398.5748926838375,14.33801152003674,622962.2034679997,0.0,7693.1
237,2020-04-26,7539.03,7700.0,7480.0,7693.1,7694.22,50522.62,62.25518511909499,7139.397716990738,7188.438305939259,385.8195432064205,15.386072033808231,673484.8196769997,0.0,7774.62
238,2020-04-27,7693.1,7792.02,7606.0,7774.62,7772.09,65441.34,63.47317651326715,7199.895077277335,7211.425823353407,371.5481472631048,16.570919122749828,738926.1592529997,1.0,7738.98
239,2020-04-28,7773.51,7780.0,7659.12,7738.98,7745.72,46302.75,62.523257189170245,7251.236498489017,7232.114222437586,353.6432796014545,17.671134276767027,692623.4066149998,1.0,8778.57
240,2020-04-29,7738.58,8952.89,7710.05,8778.57,8778.78,183546.89,74.50763888579252,7396.696831966254,7292.759547047878,417.15733105849336,20.546842477260768,876170.2941289998,0.5,8620.0
241,2020-04-30,8778.58,9460.0,8401.0,8620.0,8626.61,206277.21,70.78916935765685,7513.201895588514,7344.808192261686,463.00323598288674,23.67048000684237,669893.0800049999,0.5,8826.96
242,2020-05-01,8620.0,9059.18,8613.56,8826.96,8820.02,91468.82,72.70392641558391,7638.321715056276,7402.931792565151,461.76157626982354,26.5710005700253,761361.8950639998,0.5,8972.05
243,2020-05-02,8825.67,9010.0,8753.0,8972.05,8975.18,59002.09,73.99107285244185,7765.343456479489,7464.465839915539,447.13574939340754,29.264341092980874,820363.9826139999,0.3333333333333333,8894.16
244,2020-05-03,8972.58,9200.0,8712.0,8894.16,8900.0,90126.07,72.02746475806684,7872.849793957632,7520.53227756591,450.05462443673554,31.933558696548094,730237.9169709998,0.3333333333333333,8871.96
245,2020-05-04,8894.15,8950.0,8522.0,8871.96,8873.98,84418.51,71.44548719027094,7968.003146914048,7573.529443151559,448.4792941198258,33.62291327682567,645819.4046399997,0.0,9021.83
246,2020-05-05,8871.92,9118.58,8760.0,9021.83,9022.78,76480.77,73.02979230303566,8068.36760911271,7630.3255434201255,442.05791596840965,35.380625034095566,722300.1699819998,0.0,9142.92
247,2020-05-06,9021.36,9395.0,8906.21,9142.92,9148.27,105925.3,74.27187486231972,8170.705932054356,7689.642973089925,445.3959219706662,37.296802680030495,828225.4724019999,0.5,9986.4
248,2020-05-07,9143.4,10067.0,9021.0,9986.4,9995.0,147154.61,80.87804391024687,8343.629176620609,7779.711876106008,488.2962132584758,39.614678542577465,975380.0837799999,0.5,9800.01
249,2020-05-08,9986.3,10035.96,9705.0,9800.01,9807.49,100683.8,76.2206123750212,8482.332112180551,7858.939253513616,477.0579123114418,41.76699184351393,874696.2873799999,0.0,9539.4
250,2020-05-09,9800.02,9914.25,9520.0,9539.4,9550.67,81950.68,70.13887338761157,8583.005244353832,7924.8396749444555,471.1430614320532,43.03948595559257,792745.6078129996,0.5,8722.77
251,2020-05-10,9539.1,9574.83,8117.0,8722.77,8719.53,183865.18,55.25959204762483,8596.31617346299,7956.131060240751,541.6206999011922,40.47723148967233,608880.4257849997,0.0,8561.52
252,2020-05-11,8722.77,9168.0,8200.0,8561.52,8561.09,168807.25,52.87437716278828,8593.002252180799,7979.871802976409,572.0763641939642,38.09799519988926,440073.17395299976,1.0,8810.79
253,2020-05-12,8562.04,8978.26,8528.78,8810.79,8808.71,86522.78,56.03370490253589,8613.743942449295,8012.456830310666,563.3194810372523,35.8887043593764,526595.9540189998,0.5,9309.37
254,2020-05-13,8810.99,9398.0,8792.99,9309.37,9305.91,92466.27,61.58157916971044,8679.99404316841,8063.3161702984835,566.2973752488773,34.56204993163341,619062.2280369998,0.5,9791.98
255,2020-05-14,9309.35,9939.0,9256.76,9791.98,9786.8,129565.38,66.04762381523689,8785.897467628562,8131.106908718152,574.578991302529,34.10821698528935,748627.6055069999,1.0,9316.42
256,2020-05-15,9791.97,9845.62,9150.0,9316.42,9310.73,115890.76,58.794665820317576,8836.423423092509,8177.589775042929,583.2247776380627,33.43739290598547,632736.843991,1.0,9381.27
257,2020-05-16,9315.96,9588.0,9220.0,9381.27,9374.99,59587.63,59.4486283406464,8888.313573274174,8224.792921119679,567.851579235344,32.814484832346146,692324.4718529999,1.0,9680.04
258,2020-05-17,9380.81,9888.0,9322.1,9680.04,9678.57,68647.76,62.40867616975501,8963.716090105205,8281.861434016946,567.7121807185338,32.67444270830881,760972.2361759999,0.3333333333333333,9733.93
259,2020-05-18,9681.11,9950.0,9464.23,9733.93,9731.1,82006.6,62.934235823474076,9037.069795809472,8338.805299349615,561.8591678100671,32.63241891497178,842978.8397589999,0.3333333333333333,9775.53
260,2020-05-19,9733.93,9897.21,9474.0,9775.53,9773.64,78539.76,63.360087785421136,9107.399339065712,8395.14744447316,551.9556558236336,32.59339682115883,921518.600213,0.3333333333333333,9511.43
261,2020-05-20,9775.13,9842.0,9326.0,9511.43,9508.11,74923.74,58.74562668569135,9145.878449630884,8438.923230964409,549.3873946933742,32.113581149010216,846594.8621229999,0.0,9068.65
262,2020-05-21,9511.43,9578.47,8815.0,9068.65,9060.0,108928.78,51.91858791814007,9138.523359189847,8463.61839837757,564.6790093581333,30.33011360245639,737666.0811539999,0.0,9170.0
263,2020-05-22,9067.51,9271.0,8933.52,9170.0,9166.4,58943.13,53.25761133080476,9141.5211345051,8491.319637656881,548.4505086896951,28.674036594942123,796609.2121779999,1.0,9179.15
264,2020-05-23,9170.0,9307.85,9070.0,9179.15,9176.41,43526.3,53.38383173135235,9145.104835980805,8518.293377356611,526.2647580690026,27.217779081597207,840135.5091439999,1.0,8720.34
265,2020-05-24,9179.01,9298.0,8700.0,8720.34,8711.37,70379.87,46.590095016257564,9104.65104207787,8526.216774323018,531.3887039212167,25.589225240580486,769755.6426939998,1.0,8900.35
266,2020-05-25,8718.14,8979.66,8642.72,8900.35,8895.65,62833.91,49.31544956150916,9085.193799975215,8540.888665526038,517.4995107839869,24.207976139772946,832589.5536430001,1.0,8841.18
267,2020-05-26,8900.35,9017.67,8700.0,8841.18,8837.05,58299.77,48.440467499734964,9061.954390453766,8552.664796289722,503.22597429941663,22.82274474330004,774289.7835049998,1.0,9204.07
268,2020-05-27,8841.0,9225.0,8811.73,9204.07,9197.32,68910.36,53.848731801188094,9075.489210410551,8578.210098396008,496.800547563744,21.399654157473996,843200.1390189999,1.0,9575.89
269,2020-05-28,9204.07,9625.47,9110.0,9575.89,9569.59,74110.79,58.636258224893076,9123.146428466689,8617.334800419694,498.13407988061937,20.99906556499315,917310.926681,0.0,9427.07
270,2020-05-29,9575.87,9605.26,9330.0,9427.07,9422.26,57374.36,56.12662801918439,9152.091530517479,8649.089121971863,482.21450274628944,20.627090443403798,859936.5637200001,1.0,9697.72
271,2020-05-30,9426.6,9740.0,9331.23,9697.72,9695.0,55665.27,59.51988417177039,9204.056146658671,8690.211901502378,476.9684668358402,20.57795288605785,915601.83626,-0.5,9448.27
272,2020-05-31,9697.72,9700.0,9381.41,9448.27,9446.43,48333.79,55.27646392461946,9227.314608881656,8719.939670070913,465.65571920470876,20.532325154236613,867268.049857,0.0,10200.77
273,2020-06-01,9448.27,10380.0,9421.67,10200.77,10232.48,76649.13,63.687001539434185,9320.024646131023,8778.011447715191,500.84673926151527,21.769675411522183,943917.176817,0.0,9518.04
274,2020-06-02,10202.71,10228.99,9266.0,9518.04,9514.9,108970.77,53.801298757118886,9338.883251261404,8807.032175255772,533.856972171407,22.403799160415886,834946.403666,0.0,9666.24
275,2020-06-03,9518.02,9690.0,9365.21,9666.24,9663.59,46252.64,55.41897172587619,9370.060084474602,8840.726599755546,518.9236170163066,22.99262835581717,881199.0486049999,1.0,9789.06
276,2020-06-04,9666.32,9881.63,9450.0,9789.06,9788.33,57456.1,56.76996178702621,9409.964838334165,8877.916144863171,512.688358657999,23.883492853039602,938655.1495739999,1.0,9621.16
277,2020-06-05,9788.14,9854.75,9581.0,9621.16,9617.29,47788.05,54.34541126197201,9430.07866325472,8907.062962711676,495.62133303957046,24.71072417188899,890867.0995240002,1.0,9666.3
278,2020-06-06,9621.17,9735.0,9531.05,9666.3,9664.0,32752.95,54.903053061507336,9452.575933420938,8936.836964173963,474.78766639388687,25.279865446002002,923620.050417,0.5,9746.99
279,2020-06-07,9666.85,9802.0,9372.46,9746.99,9743.92,57952.85,55.939071241707055,9480.61536833323,8968.607671461259,471.5556902228951,25.18570433095924,981572.898802,0.5,9782.01
280,2020-06-08,9746.99,9800.0,9633.0,9782.01,9778.87,40664.66,56.40714752090818,9509.319618968162,9000.50580199219,449.8017123498312,25.098269009848103,1022237.562927,0.5,9772.43
281,2020-06-09,9782.0,9877.0,9570.0,9772.43,9771.66,46024.0,56.23116314871215,9534.377750495003,9030.777339168968,439.601590039129,25.210847273572014,976213.561638,0.0,9885.0
282,2020-06-10,9772.44,9992.72,9704.18,9885.0,9883.8,47130.76,57.893543878874596,9567.770345685954,9064.276267044695,428.81147646490547,25.601293817261013,1023344.32462,-1.0,9280.4
283,2020-06-11,9885.22,9964.0,9113.0,9280.4,9279.56,94418.98,47.46607363301752,9540.401741334912,9072.751707552748,458.96779957455516,23.808017945775646,928925.33989,1.0,9465.13
284,2020-06-12,9278.88,9557.12,9232.51,9465.13,9465.7,50119.07,50.40533212183222,9533.233004064921,9088.139091570289,449.3708138906583,22.14283320796781,979044.4068219999,1.0,9473.34
285,2020-06-13,9464.96,9494.73,9351.0,9473.34,9473.47,27759.78,50.53778514947388,9527.528908439688,9103.245009547922,427.5393271841828,20.596590237146245,1006804.191673,1.0,9342.1
286,2020-06-14,9473.34,9480.99,9245.0,9342.1,9342.03,30055.51,48.31637381082688,9509.869012397814,9112.611871918592,413.85723238531256,19.443038479992374,976748.685065,1.0,9426.02
287,2020-06-15,9342.1,9495.0,8910.45,9426.02,9425.36,86107.92,49.83481893200941,9501.883392169451,9124.902386745314,426.0495729292188,19.34936878850353,1062856.609772,1.0,9525.59
288,2020-06-16,9426.05,9589.0,9373.09,9525.59,9506.53,52052.45,51.64988061985571,9504.14116434379,9140.615626480794,411.0396034342746,18.911913065754327,1114909.056699,1.0,9465.14
289,2020-06-17,9526.97,9565.0,9236.61,9465.14,9465.28,48046.41,50.45628623015328,9500.42676773962,9153.342072501157,405.1360603318264,18.883699258173234,1066862.645547,1.0,9386.32
290,2020-06-18,9465.13,9489.0,9280.0,9386.32,9386.44,37381.95,48.870449087767106,9489.559456526324,9162.478461814837,391.126341736696,18.85750072256223,1029480.691782,-0.5,9310.23
291,2020-06-19,9386.32,9438.3,9215.79,9310.23,9310.39,45330.98,47.32412082001049,9472.480460666673,9168.27263978288,379.08231732693184,19.020606426524406,984149.708109,0.0,9358.95
292,2020-06-20,9310.23,9395.0,9170.95,9358.95,9358.94,30329.07,48.448875698436254,9461.668035841276,9175.750183320806,368.0085803750081,19.305255714963728,1014478.7734930001,0.0,9294.69
293,2020-06-21,9358.95,9422.0,9281.54,9294.69,9294.49,24316.93,47.02270399054118,9445.765365761154,9180.414489857243,351.75511034822176,19.436884629051107,990161.8472590001,0.0,9685.69
294,2020-06-22,9294.69,9780.0,9277.09,9685.69,9685.91,57895.47,55.58910430220556,9468.615330926757,9200.229215745196,362.55188818049163,18.07300459143368,1048057.315602,0.0,9624.89
295,2020-06-23,9685.69,9720.0,9577.03,9624.89,9624.44,41031.03,54.12353540369987,9483.498632743258,9216.88257983362,346.86746759617074,16.806544556503198,1007026.2862219999,1.0,9296.49
296,2020-06-24,9624.33,9670.0,9208.0,9296.49,9754.61,61571.56,46.92699797400181,9465.688286767707,9220.004439447988,355.09121991073,16.83564365293433,945454.724758,0.0,9249.49
297,2020-06-25,9298.33,9340.0,9009.69,9249.49,11500.0,55831.62,45.98461085868929,9445.097973742211,9221.160735940224,353.32113277424935,17.406366643402613,889623.105602,1.0,9162.21
298,2020-06-26,9249.49,9298.0,9045.45,9162.21,9158.0,50292.3,44.20911386896489,9418.156261957241,9218.848942373941,346.1231947189458,17.936323705980307,839330.8073250002,0.6666666666666666,9012.0
299,2020-06-27,9162.21,9196.24,8833.0,9012.0,9225.0,46290.93,41.256741446770775,9379.474713199406,9210.737219143593,347.34582366759247,18.97895065970073,793039.8772120002,0.0,9116.35
300,2020-06-28,9012.0,9191.0,8948.06,9116.35,9119.58,30688.18,44.052001237226285,9354.415216704223,9207.035759569337,339.88826483419314,19.947104259583977,823728.0536330001,-1.0,9192.56
301,2020-06-29,9116.16,9238.0,9024.67,9192.56,9186.9,42120.29,46.07034876449258,9339.000434160964,9206.46808272348,330.8483887746079,20.603462336375987,865848.3468940002,0.0,9138.55
302,2020-06-30,9192.93,9205.0,9064.89,9138.55,9138.04,31463.16,44.835869261328185,9319.909916621826,9203.804628499029,317.2242181478502,21.212937693397144,834385.1840930001,0.0,9232.0
303,2020-07-01,9138.08,9292.0,9080.1,9232.0,9231.18,38488.53,47.459175999949075,9311.537543610224,9204.910329342205,309.701059708718,21.297799635985502,872873.7127920002,0.0,9086.54
304,2020-07-02,9231.99,9261.96,8940.0,9086.54,9086.28,45725.17,43.95527177825322,9290.109206123536,9200.268355642509,310.5766983009524,21.836352036036388,827148.5447160002,0.0,9058.26
305,2020-07-03,9086.54,9125.0,9037.47,9058.26,9064.64,28943.42,43.2861555641279,9268.028329349865,9194.699400519276,294.6447912794559,22.336436407512203,798205.1245390001,0.0,9135.46
306,2020-07-04,9057.79,9190.0,9040.04,9135.46,9137.16,26441.97,45.71549952223894,9255.402774173688,9192.376286773422,284.31016333092333,22.407620410185057,824647.0930229999,0.0,9069.41
307,2020-07-05,9135.0,9145.24,8893.03,9069.41,9080.72,34073.65,43.97972759163619,9237.689176633336,9187.554079448975,282.0172945215716,22.98987696258239,790573.439396,-1.0,9344.2
308,2020-07-06,9069.41,9375.0,9055.92,9344.2,9234.92,54463.13,52.124120902815676,9247.833064573018,9193.697056725488,284.6646306271736,22.25367986578573,845036.571673,1.0,9257.39
309,2020-07-07,9342.47,9379.42,9203.0,9257.39,9251.44,34587.34,49.66749355700541,9248.743248899398,9196.194819206841,276.9328712966613,21.54730166967104,810449.234995,1.0,9436.06
310,2020-07-08,9257.4,9470.0,9231.0,9436.06,9088.03,56140.52,54.42811943923449,9266.582939480408,9205.601296885005,274.22338048975683,20.41978931075,866589.7527760001,1.0,9232.43
311,2020-07-09,9436.06,9440.79,9160.0,9232.43,9233.51,48044.45,48.766836194691784,9263.330278577512,9206.653402889517,274.69242474048855,19.690902350489225,818545.3021310001,1.0,9288.34
312,2020-07-10,9232.42,9317.48,9125.0,9288.34,9286.94,38295.49,50.29552628039051,9265.712156808226,9209.856798854633,268.82010868759653,19.171027774852032,856840.796137,0.0,9234.03
313,2020-07-11,9288.34,9299.28,9178.25,9234.03,9276.9,22561.37,48.77314298486357,9262.694808540777,9210.804767526999,258.2636723527682,18.68828709747463,834279.4301369998,0.0,9302.75
314,2020-07-12,9234.02,9345.0,9157.5,9302.75,9300.37,30872.7,50.8023530873142,9266.50958867975,9214.410462918098,253.20912432757046,17.952970429071943,865152.132423,-1.0,9242.62
315,2020-07-13,9303.31,9343.82,9200.89,9242.62,9242.16,42740.07,48.97429401516387,9264.234389757867,9215.516719274252,245.33204401845833,17.270176379840873,822412.063308,0.5,9255.85
316,2020-07-14,9242.61,9279.54,9113.0,9255.85,9255.52,45772.55,49.405675521171,9263.435876447596,9217.098416557616,239.7040408742828,17.119185261144125,868184.6158169998,-0.2,9197.6
317,2020-07-15,9255.85,9276.49,9160.57,9197.6,9197.34,39053.58,47.5015269159541,9257.165792976397,9216.333772771042,230.86232366897687,16.978979222354287,829131.0361520001,1.0,9133.72
318,2020-07-16,9197.6,9226.15,9047.25,9133.72,9133.72,43375.57,45.4335106316035,9245.409050788166,9213.0940169761,227.15072912119282,17.451254727148086,785755.4649609998,1.0,9154.32
319,2020-07-17,9133.72,9186.83,9089.81,9154.32,9154.62,28054.36,46.24623313278597,9236.733903094057,9210.789153565274,217.85567704110764,17.889796267313766,813809.8237019998,1.0,9170.28
320,2020-07-18,9154.31,9219.3,9121.1,9170.28,9170.35,22554.54,46.90603235783737,9230.40495994224,9209.200559307814,209.30884296674282,18.014701325256734,836364.3651589998,1.0,9208.99
321,2020-07-19,9170.3,9232.27,9101.35,9208.99,9207.6,26052.02,48.55540069907524,9228.365439947744,9209.192302080057,203.7096398976897,18.248460735057684,862416.3845759998,1.0,9160.78
322,2020-07-20,9208.99,9221.52,9131.0,9160.78,9160.74,35458.76,46.61326040794512,9221.928731381291,9207.293780429858,195.6246656192833,18.465523044158566,826957.6204939998,1.0,9390.0
323,2020-07-21,9160.78,9437.73,9152.8,9390.0,9390.0,60413.58,55.6885254601937,9237.935518868786,9214.458730216922,202.00361807504882,17.416466877331278,887371.2029799998,-0.4,9518.16
324,2020-07-22,9390.0,9544.0,9261.0,9518.16,79998.0,48815.0,59.802912818533066,9264.623564690806,9226.368583933907,207.7890739268311,17.12005954249447,936186.2070869999,-0.4,9603.27
325,2020-07-23,9518.16,9664.0,9440.33,9603.27,9601.46,51856.23,62.30598919048835,9296.875606148826,9241.149031622774,208.92342578920034,17.508160840818135,988042.4405869999,1.0,9537.8
326,2020-07-24,9603.27,9637.0,9463.44,9537.8,9604.55,43931.14,59.249581807616885,9319.820786515604,9252.782402931685,206.3974668042574,17.868540617832966,944111.3043819999,1.0,9700.42
327,2020-07-25,9538.1,9732.9,9513.0,9700.42,9961.92,40679.55,63.97655353254571,9356.068330656977,9270.336818502992,207.36193346109613,18.70259780614108,984790.8497979995,1.0,9931.54
328,2020-07-26,9700.42,10111.0,9650.0,9931.54,9940.0,65279.27,69.40791033167497,9410.875156308692,9296.266355032287,225.47893821387498,20.871591185628667,1050070.1191169994,0.0,11029.96
329,2020-07-27,9931.54,11394.86,9917.21,11029.96,11023.79,150188.93,82.73274730185423,9565.07371285072,9364.254341109452,314.91972834145537,24.716650801416364,1200259.0522609996,0.2857142857142857,10906.27
330,2020-07-28,11029.96,11242.23,10565.0,10906.27,10908.23,97267.73,78.58199650346118,9692.806692579223,9424.725543418885,340.79903345992284,28.287063301790663,1102991.3180739996,0.0,11100.53
331,2020-07-29,10906.27,11342.82,10812.0,11100.53,12047.52,76838.09,80.2572848649597,9826.87557900025,9490.443365245595,354.3719596413569,31.68147141195295,1179829.4123069996,-0.25,11099.61
332,2020-07-30,11100.52,11170.0,10831.0,11099.61,11099.83,60794.83,80.22528037163383,9948.088381000229,9553.547939157535,353.2739625241172,34.83342179996079,1119034.5858509995,-0.25,11335.46
333,2020-07-31,11099.79,11444.0,10960.0,11335.46,11000.01,70063.66,82.18642782033352,10080.219011381158,9623.426843504301,362.6115366295373,37.96998484263889,1189098.246824999,1.0,11801.17
334,2020-08-01,11335.46,11861.0,11220.0,11801.17,12000.0,85087.49,85.28890903053872,10244.119105535334,9708.828535915896,382.4964268702847,41.13443297566904,1274185.7319509992,0.5,11071.35
335,2020-08-02,11801.17,12123.46,10518.5,11071.35,15000.0,97553.08,65.91465444520911,10322.903000246253,9762.260750193704,469.81525352240715,41.06356923896614,1176632.6543469992,0.5,11219.81
336,2020-08-03,11071.36,11473.0,10936.0,11219.81,14499.0,56931.84,67.5304524197432,10408.322714508515,9819.419544303757,474.6141639850923,40.99776719774201,1233564.4958219992,1.0,11191.97
337,2020-08-04,11219.68,11414.98,11000.0,11191.97,11191.3,58629.11,66.89009035118134,10482.955789317228,9873.245052370276,470.3545808433,40.936665302319604,1174935.3821129992,0.0,11744.91
338,2020-08-05,11191.99,11780.93,11093.0,11744.91,11744.84,74970.26,72.47318899611844,10603.141904620348,9946.643677767519,485.8956822116358,41.43953900628725,1249905.6389649992,0.2857142857142857,11762.46
339,2020-08-06,11744.91,11900.0,11562.5,11762.46,11762.46,63529.09,72.63093597377184,10713.553151799362,10017.852160992325,475.2959906250904,42.069442834655575,1313434.7239849991,0.0,11594.23
340,2020-08-07,11762.47,11909.94,11322.0,11594.23,11594.13,65755.93,68.57419858824888,10797.427137342282,10079.670899776938,483.34199129472677,41.71975348078047,1247678.7979629992,0.0,11761.41
341,2020-08-08,11594.36,11808.27,11512.0,11761.41,11767.11,41858.16,70.34672793818447,10889.23502902397,10145.621452726862,469.9797062022464,41.39504193789643,1289536.9590029991,0.0,11681.68
342,2020-08-09,11761.02,11797.11,11521.97,11681.68,11681.7,41493.07,68.36624579068594,10964.705978640735,10205.859042816004,456.06258433065744,41.093524076646965,1248043.891660999,0.0,11892.92
343,2020-08-10,11681.69,12067.35,11450.0,11892.92,11891.67,84952.34,70.71837553954312,11053.107314008284,10272.018296038908,467.58311402132483,41.302244202018564,1332996.229547999,0.4,11392.08
344,2020-08-11,11892.9,11935.0,11125.0,11392.08,11391.85,90748.28,59.43453501404002,11085.390426959875,10315.942284429537,492.04146301980165,40.224519724716025,1242247.9449139992,1.0,11564.33
345,2020-08-12,11392.09,11617.52,11150.0,11564.33,11564.33,64909.61,61.698084849409454,11131.003719630364,10364.8986654323,490.28992994695864,39.22377556722082,1307157.558557999,1.0,11780.0
346,2020-08-13,11564.34,11792.96,11270.36,11780.0,11779.68,70132.49,64.37826428371757,11192.812889189376,10420.392835415349,492.59779209360426,38.673074095022,1377290.050059999,1.0,11760.54
347,2020-08-14,11779.77,11850.0,11634.03,11760.54,11943.96,59818.85,63.9434764275977,11246.882137838007,10472.947626183372,472.83866408691824,38.28171721626892,1317471.1973629992,1.0,11852.4
348,2020-08-15,11760.55,11980.0,11680.0,11852.4,11896.3,56237.91,65.1402998441507,11304.550505662959,10527.043797705595,460.493045223567,38.18932197403738,1373709.1024129991,-0.5,11911.0
349,2020-08-16,11852.4,11931.72,11686.0,11911.0,11650.0,41368.24,65.91750113564063,11362.307600361724,10581.316589952434,445.1521134218836,38.103526391965254,1415077.339318999,0.0,12281.13
350,2020-08-17,11910.99,12468.0,11769.78,12281.13,12300.0,84734.21,70.40558515242635,11449.814495565372,10647.975939366064,463.22839103460615,38.985508108231286,1499811.5508589991,0.6,11945.01
351,2020-08-18,12281.15,12387.77,11817.93,11945.01,12089.58,75923.84,62.37307217146199,11496.97597217819,10698.840020175236,470.8435059607057,39.80449113047833,1423887.7153319991,0.4,11754.59
352,2020-08-19,11945.1,12020.08,11561.0,11754.59,11800.0,73940.17,58.31405878709271,11521.510641494555,10740.241980168365,470.00325553494105,39.4245612991058,1349947.5457259992,0.6666666666666666,11853.55
353,2020-08-20,11754.38,11888.0,11668.0,11853.55,14960.0,46085.25,59.778960372045155,11553.133437542692,10783.901118200978,452.14588013958814,39.0717693128313,1396032.8000769992,0.0,11531.34
354,2020-08-21,11853.54,11878.0,11485.81,11531.34,13156.6,64448.31,53.221039103660644,11551.057872062436,10813.212446898979,447.86331727247483,37.97312584677875,1331584.4939349992,0.0,11662.96
355,2020-08-22,11531.23,11686.0,11376.81,11662.96,13199.0,43678.7,55.3746490109187,11561.7152175803,10846.535880353924,437.95808032444086,36.51851349008132,1375263.1955809991,0.0,11648.13
356,2020-08-23,11663.51,11718.07,11514.13,11648.13,11655.95,37900.0,55.06703077474585,11569.945196858369,10877.970943869455,421.24250315840936,35.258088116009596,1337363.190890999,1.0,11748.2
357,2020-08-24,11648.12,11824.9,11585.09,11748.2,11748.19,46212.39,56.81054790177834,11586.921844776618,10912.097573521634,408.2830386470944,34.389979293551285,1383575.582757999,1.0,11318.42
358,2020-08-25,11748.19,11767.85,11117.64,11318.42,11318.5,69590.92,48.166229832591505,11561.350240512178,10928.031786324707,425.56353588658783,32.018221652551226,1313984.659485999,-1.0,11461.43
359,2020-08-26,11318.42,11539.32,11244.0,11461.43,11461.44,53998.23,50.8463977251973,11551.834027130066,10948.949363331585,416.26042618040293,29.81587527162261,1367982.890716999,0.3333333333333333,11330.38
360,2020-08-27,11461.42,11592.2,11125.0,11330.38,11327.05,63246.04,48.377798411094474,11530.74316740339,10963.90742751466,419.89896716751707,28.159379813668203,1304736.854333999,0.0,11526.91
361,2020-08-28,11330.38,11542.65,11276.89,11526.91,11527.93,45953.91,52.13115538546123,11530.378103841165,10985.985959768988,408.8890409412659,26.621205459853396,1350690.7626989991,1.0,11465.84
362,2020-08-29,11526.9,11580.02,11417.04,11465.84,11465.81,32973.8,50.89286083252911,11524.231617761056,11004.803765268245,391.3241094454612,25.04320878059228,1317716.9634989991,1.0,11711.16
363,2020-08-30,11465.84,11719.0,11458.0,11711.16,11711.16,43177.88,55.46880465964484,11542.03432083143,11032.504009767526,382.0152444850711,23.475747534978794,1360894.842552999,1.0,11649.51
364,2020-08-31,11711.17,11800.77,11570.0,11649.51,11649.5,55353.62,54.10436858991575,11552.270099799864,11056.70032310998,371.21201273613747,22.326141297282923,1305541.224808999,1.0,11921.97
365,2020-09-01,11649.51,12050.85,11515.0,11921.97,11925.78,78148.19,58.91440456767723,11587.47961410464,11090.632467301743,382.9718689692705,22.09925481195943,1383689.418476999,0.0,11388.54
366,2020-09-02,11921.97,11954.57,11160.1,11388.54,11602.0,87221.85,48.25207026545416,11568.532984189913,11102.315115642854,412.36459261432265,20.536858569817394,1296467.5728749991,0.0,10140.85
367,2020-09-03,11388.54,11462.6,9960.8,10140.85,12990.0,121950.11,33.14302821501205,11432.563176171823,11064.61060130392,490.1814074275854,21.73560408320988,1174517.466859999,1.0,10446.25
368,2020-09-04,10138.29,10627.05,9875.5,10446.25,12799.0,92733.6,38.240683683282214,11338.628587964982,11040.361165958668,508.85059261132926,22.972689477631913,1267251.0659729992,1.0,10166.69
369,2020-09-05,10446.25,10565.68,9825.0,10166.69,12992.0,90001.61,35.56727672374608,11227.015389111171,11006.099551607349,525.4098359962344,24.19692615487344,1177249.460404999,1.0,10256.2
370,2020-09-06,10166.69,10347.14,9994.86,10256.2,12996.96,56368.79,37.08391606728526,11134.556780624394,10976.69172605412,513.0434191393605,25.33371735516915,1233618.2492199992,1.0,10373.44
371,2020-09-07,10255.89,10410.75,9875.0,10373.44,12995.0,62620.23,39.10573004538612,11062.069468183978,10953.034795620624,514.6653177722634,26.58426018222121,1296238.4798959992,1.0,10126.65
372,2020-09-08,10373.45,10438.0,9850.0,10126.65,10127.01,73491.88,36.45040152622693,10972.981899785504,10920.627548733542,519.9035093599588,27.63288915714045,1222746.6014779992,1.0,10219.2
373,2020-09-09,10126.66,10343.0,9981.01,10219.2,10220.75,49347.11,38.146593612286345,10901.19314742498,10893.120586038109,508.62397297710464,28.60661606242261,1272093.7152539992,0.0,10336.87
374,2020-09-10,10219.29,10483.35,10070.83,10336.87,10336.74,58253.75,40.327371349171855,10847.448085765458,10871.306837566026,501.75940347874007,28.88681079811192,1330347.4690039991,1.0,10387.89
375,2020-09-11,10336.86,10397.6,10200.0,10387.89,10387.88,43830.25,41.293846720040975,10803.680649025893,10852.34931452422,480.03373180168734,29.14699162410913,1374177.7234709992,1.0,10440.92
376,2020-09-12,10387.89,10477.97,10269.25,10440.92,10439.56,35379.15,42.33919776657945,10769.13201578533,10836.214831601705,460.65417953013815,29.015149272363228,1409556.8765669991,1.0,10332.83
377,2020-09-13,10440.67,10580.11,10200.0,10332.83,10498.0,43837.61,40.746556305348406,10727.579442853394,10816.474249970262,454.9010238494141,28.42693487619251,1365719.2667019991,1.0,10671.77
378,2020-09-14,10332.84,10750.0,10212.34,10671.77,11808.95,67059.29,47.42501905938246,10722.264257819736,10810.79957350084,460.8123792887417,27.155660562300763,1432778.558062999,0.0,10785.31
379,2020-09-15,10671.77,10930.04,10606.48,10785.31,11091.78,61822.45,49.47922356324754,10728.268614217857,10809.79998238316,451.0086379109745,25.28357629491328,1494601.010848999,0.0,10954.01
380,2020-09-16,10785.23,11093.0,10661.22,10954.01,10951.21,64991.51,52.45190615854342,10749.767793816158,10815.455277191666,449.6351637744764,23.97679800769093,1559592.523288999,0.0,10939.99
381,2020-09-17,10954.01,11045.46,10745.83,10939.99,10939.76,55601.61,52.17713171332035,10767.884194405096,10820.3389918116,438.92050921915666,22.763361026698757,1503990.908759999,0.0,10933.39
382,2020-09-18,10940.0,11038.03,10812.84,10933.39,10933.54,47266.73,52.03892663558285,10783.646652080804,10824.772364681734,423.6540442749312,21.63659811577745,1456724.180484999,0.0,11080.65
383,2020-09-19,10933.4,11179.79,10887.37,11080.65,11080.39,38440.04,54.90879007134545,10811.932685215965,10834.806781753041,414.28018396957896,21.113083418219603,1495164.217342999,0.0,10920.28
384,2020-09-20,11080.64,11080.64,10723.0,10920.28,10920.28,39157.92,51.308134515072155,10822.251477100157,10838.158672664686,410.23517082889464,19.896503895379556,1456006.2947779992,-1.0,10417.22
385,2020-09-21,10920.28,10988.86,10296.35,10417.22,10414.47,70683.43,42.00337360899327,10783.677050709666,10821.65127373666,430.39765862683083,19.671090634522468,1385322.863598999,0.25,10529.61
386,2020-09-22,10417.22,10572.71,10353.0,10529.61,10529.49,43991.24,44.42812176074067,10759.480188737316,10810.198674766594,415.3485401534857,19.46177832086946,1429314.099074999,0.25,10241.46
387,2020-09-23,10529.61,10537.15,10136.82,10241.46,10239.27,51876.57,39.83029062872757,10710.144932667095,10787.895197324766,414.27578728537964,19.893009638503976,1377437.530995999,0.0,10736.32
388,2020-09-24,10241.46,10795.24,10190.93,10736.32,10736.53,57676.62,49.49666350863683,10712.63779622261,10785.872640566933,427.84965962213823,19.2254925017216,1435114.1504229992,-0.5,10686.67
389,2020-09-25,10736.33,10760.53,10556.24,10686.67,10686.74,48101.12,48.65214493127738,10710.164672772835,10781.982340936855,411.8811125062712,18.605655160423677,1387013.033414999,0.0,10728.6
390,2020-09-26,10686.57,10820.94,10644.68,10728.6,10728.7,28420.84,49.43676324838304,10711.920418223042,10779.888915802076,395.0510330415376,17.782724104576346,1415433.870073999,0.0,10774.25
391,2020-09-27,10728.59,10799.0,10594.82,10774.25,11299.99,30549.48,50.32670122697305,10717.856568868468,10779.667781849052,381.41738782428496,17.198370341871392,1445983.3533269991,0.0,10696.12
392,2020-09-28,10774.26,10950.0,10626.0,10696.12,10760.19,50095.25,48.74538014373361,10715.786419452425,10776.391398247133,377.3161458368361,16.020205732008545,1395888.1015929992,-1.0,10840.48
393,2020-09-29,10696.11,10867.54,10635.87,10840.48,11112.0,41874.9,51.761372730604755,10727.661998552192,10778.904676747243,366.91284970563345,14.9261957371359,1437762.999991999,-1.0,10776.59
394,2020-09-30,10840.58,10849.34,10665.13,10776.59,11111.0,39596.03,50.349286331148654,10732.321808213888,10778.8139051101,353.8626461552312,13.91032931332559,1398166.972669999,-1.0,10619.13
395,2020-10-01,10776.59,10920.0,10437.0,10619.13,11111.0,60866.33,46.949814785740536,10721.541636003045,10772.55179118421,363.08674285842903,13.909183154851654,1337300.6397769994,-1.0,10570.4
396,2020-10-02,10619.13,10664.64,10374.0,10570.4,11000.0,50130.39,45.91658127290478,10707.147194478945,10764.6242699613,357.91197551139834,14.141862749473978,1287170.2460719994,-1.0,10542.06
397,2020-10-03,10570.4,10603.56,10496.46,10542.06,11000.0,22298.22,45.29230455627407,10691.424604528567,10755.896259374584,339.9968344034413,14.35792237305185,1264872.0247309995,-1.0,10666.63
398,2020-10-04,10542.07,10696.87,10517.87,10666.63,10800.0,23212.0,48.6003112771931,10689.063213621086,10752.395621752052,328.4970605174812,14.045682012887594,1288084.0263259995,-1.0,10792.21
399,2020-10-05,10666.62,10798.0,10615.64,10792.21,10791.98,34025.76,51.7666480476028,10698.886717085743,10753.956969918638,318.05869905194686,13.231330862520275,1322109.7879789995,1.0,10599.66
400,2020-10-06,10792.2,10800.0,10525.0,10599.66,10601.53,48674.74,46.98713842972654,10689.436553553769,10747.9061083532,314.9830776910936,12.896069276368413,1273435.0475079995,0.5,10666.39
401,2020-10-07,10599.65,10681.87,10546.17,10666.39,10669.13,32811.99,48.75302897634244,10687.241643691505,10744.709398221705,302.17714357030127,12.58475494637026,1306247.0377869995,0.5,10925.57
402,2020-10-08,10666.4,10950.0,10530.41,10925.57,10920.84,51959.69,55.0201183298978,10709.939582387553,10751.801970840459,310.56377617242265,12.409134427876875,1358206.7293589995,-0.5,11050.64
403,2020-10-09,10925.44,11104.64,10829.0,11050.64,11050.84,48240.07,57.70789590163745,10742.387241207784,10763.521109238874,308.0692207315352,12.865520712784267,1406446.8025959996,1.0,11293.22
404,2020-10-10,11050.64,11491.0,11050.51,11293.22,11293.99,43648.04,62.40078527774247,10794.847503949904,10784.293614758919,317.5278478221398,14.484823308403941,1450094.8395389996,1.0,11369.02
405,2020-10-11,11293.22,11445.0,11221.0,11369.02,11369.03,29043.85,63.75422017317477,10849.530598811816,10807.22406123896,310.84728726341564,15.988461432907924,1479138.6908779996,0.0,11528.25
406,2020-10-12,11369.02,11720.01,11172.0,11528.25,11600.0,52825.28,66.48355557500196,10914.17054178212,10835.499588249198,327.7874810303145,18.05426140409639,1531963.9745879997,0.0,11420.56
407,2020-10-13,11528.24,11557.0,11300.0,11420.56,11420.33,42205.28,63.026866315339156,10962.39810923144,10858.443133808054,322.731232385292,19.97250423448568,1489758.6908789997,-0.5,11417.89
408,2020-10-14,11420.57,11547.98,11280.0,11417.89,11417.57,41415.11,62.93949077084532,11005.778289304637,10880.382226599897,318.82043007205687,21.628320993707472,1448343.5848639996,-0.5,11505.12
409,2020-10-15,11417.89,11617.34,11250.83,11505.12,11505.24,48760.72,64.66307393331782,11053.334642704196,10904.881747125391,322.2268279240528,23.34164705870932,1497104.3025429996,-0.5,11319.32
410,2020-10-16,11505.13,11541.15,11200.0,11319.32,11317.82,48797.75,58.429753732503684,11078.666581494272,10921.134227630277,323.57848307233485,24.588967520851106,1448306.5530409997,-0.5,11360.2
411,2020-10-17,11319.24,11402.42,11255.0,11360.2,11360.34,22368.92,59.358051848443175,11105.479288018629,10938.352493213404,310.9957342814538,25.74719366426847,1470675.4682819997,1.0,11503.14
412,2020-10-18,11360.31,11505.0,11346.22,11503.14,11504.53,23284.04,62.51046077318925,11143.351736778759,10960.50102289131,300.1231818327785,27.12617339875053,1493959.5094729997,-1.0,11751.47
413,2020-10-19,11503.14,11823.99,11407.96,11751.47,11751.29,47414.53,67.26148362623104,11201.267761847452,10991.519414150474,308.40224027329435,29.16722363220962,1541374.0441649996,-1.0,11909.99
414,2020-10-20,11751.46,12038.38,11677.59,11909.99,11909.48,62134.75,69.88508704128965,11268.76511786198,11027.537868497517,312.14422311091613,31.45170648904375,1603508.7948279998,0.0,12780.96
415,2020-10-21,11910.0,13217.68,11886.95,12780.96,12784.62,114584.46,79.57174976110406,11412.7836780656,11096.2995207133,384.90035003156504,34.742738004307625,1718093.2515949996,0.0,12968.52
416,2020-10-22,12780.75,13185.0,12678.08,12968.52,12974.8,70038.82,80.98982839764267,11560.949042059354,11169.71993166572,393.61603931502464,37.79869583990978,1788132.0757389998,0.0,12923.07
417,2020-10-23,12968.84,13027.69,12720.08,12923.07,12936.97,50387.0,79.54877201939101,11690.674847577508,11238.478757874906,387.47275079252296,40.63637097296893,1737745.0758979996,-1.0,13111.73
418,2020-10-24,12923.06,13166.73,12870.0,13111.73,13112.5,35952.21,81.05559452994397,11826.013433522507,11311.939590899421,380.9911257359142,43.36517305731516,1773697.2849679997,-1.0,13028.83
419,2020-10-25,13111.73,13350.0,12888.0,13028.83,60000.0,38481.58,78.32472487684426,11940.56739223465,11379.268626550422,386.77747389763465,46.01484675185585,1735215.7054639996,-0.5,13052.19
420,2020-10-26,13029.64,13238.81,12765.0,13052.19,13053.21,60951.67,78.5440901627624,12046.436212021828,11444.873386293544,392.99408290494637,47.799004965058316,1796167.3784499997,-0.5,13636.17
421,2020-10-27,13052.15,13789.29,13019.87,13636.17,13637.46,80796.55,83.13833020527069,12197.83942992451,11530.806586831051,419.88164841173597,49.87388875145745,1876963.932446,0.0,13266.4
422,2020-10-28,13636.16,13859.48,12888.0,13266.4,22094.81,94440.56,72.54584909317634,12299.607103265034,11598.869073621992,459.28153066804055,51.1754074201575,1782523.3712199996,0.0,13455.7
423,2020-10-29,13266.4,13642.91,12920.77,13455.7,99996.0,74872.6,74.34772900614799,12409.711188668365,11671.685972695639,478.05713562032344,52.383960469664686,1857395.973352,0.0,13560.1
424,2020-10-30,13455.69,13669.98,13115.0,13560.1,8490.0,70657.78,75.31016228331431,12519.272027842806,11745.74142474679,483.55162593315737,53.532726606376784,1928053.7522329998,0.0,13791.0
425,2020-10-31,13560.1,14100.0,13411.5,13791.0,88887.0,67339.24,77.3355069410003,12640.388977572064,11825.94764338417,498.1907955093605,54.973611376407575,1995392.990748,-0.5,13761.5
426,2020-11-01,13791.0,13895.0,13603.0,13761.5,88888.0,36285.65,76.47239296281343,12747.161455898533,11901.851657369103,483.46288154440623,56.311575805721894,1959107.3422219998,1.0,13549.37
427,2020-11-02,13761.49,13830.0,13195.05,13549.37,13552.43,64566.42,70.3888337137903,12823.562269622484,11966.46021982522,494.2833900055201,55.6366229468474,1894540.9203139998,0.5,14023.53
428,2020-11-03,13549.63,14066.11,13284.99,14023.53,15474.11,74115.63,75.14791752983041,12937.844910610815,12047.129622969329,514.7717192908401,55.34334365268574,1968656.551101,0.5,14144.01
429,2020-11-04,14023.53,14259.0,13525.0,14144.01,14736.4,93016.99,76.19483804198372,13052.717776266929,12129.360225990142,530.4308821986373,55.31941533130364,2061673.539363,1.0,15590.02
430,2020-11-05,14144.01,15750.0,14093.56,15590.02,15585.41,143741.52,84.58706587916559,13294.365607098647,12265.072373990524,610.8601048987348,56.49889538093264,2205415.062036,0.0,15579.92
431,2020-11-06,15590.02,15960.0,15166.0,15579.92,16079.0,122618.2,84.36335108304877,13512.037454041636,12395.066398539919,623.9415259773965,57.70211724711153,2082796.864341,0.0,14818.3
432,2020-11-07,15579.93,15753.52,14344.22,14818.3,15700.0,101431.21,69.44747242847083,13636.443410799575,12490.095167224628,680.038559836154,56.53536391665222,1981365.657788,0.0,15475.1
433,2020-11-08,14818.3,15650.0,14703.88,15475.1,15477.29,65547.18,73.75664478707995,13811.553562151998,12607.154180274643,699.0443769907146,55.451950109797146,2046912.836362,0.0,15328.41
434,2020-11-09,15475.1,15840.0,14805.54,15328.41,80000.0,108976.33,71.33666590475445,13956.016080042282,12713.87009477368,723.0026357770921,54.64331562243221,1937936.502228,0.75,15297.21
435,2020-11-10,15328.41,15460.0,15072.46,15297.21,15500.0,61681.92,70.80454499009251,14083.748834323967,12815.177542037456,699.0410189358714,53.89244074130764,1876254.582622,-0.6666666666666666,15684.24
436,2020-11-11,15297.21,15965.0,15272.68,15684.24,15685.02,78469.75,73.45020156426831,14236.176564388352,12927.689795290891,698.5609461547377,53.70143927584167,1954724.32908,-0.3333333333333333,16291.86
437,2020-11-12,15684.25,16340.7,15440.64,16291.86,16289.98,102196.36,76.97750429910502,14431.955939208508,13059.618038612818,712.9537357151137,53.84554883553022,2056920.685672,-0.16666666666666666,16320.7
438,2020-11-13,16291.85,16480.0,15952.35,16320.7,16321.89,75691.88,77.13279394194444,14611.836325950557,13187.50360572604,699.7177545926054,54.09174330879968,2132612.566686,0.3333333333333333,16070.45
439,2020-11-14,16320.04,16326.99,15670.0,16070.45,16066.2,59116.35,72.55931406532366,14750.751913955264,13300.560327070118,696.6657721217051,53.511714162109435,2073496.219507,0.25,15957.0
440,2020-11-15,16069.56,16180.0,15774.72,15957.0,15952.73,43596.84,70.51794077138932,14865.632684054763,13404.734431890898,675.8525026844405,52.973115668754204,2029899.377994,1.0,16713.57
